"Dist Code","Year","State Code","State Name","Dist Name","DISTRICT MALE FIELD LABOUR (Rs per Day)","DISTRICT FEMALE FIELD LABOUR (Rs per Day)","STATE MALE AVERAGE FIELD LABOUR (Rs per Day)","STATE FEMALE AVERAGE FIELD LABOUR (Rs per Day)"
"1","2016","14","Chhattisgarh","Durg","260.0","-1.0","201.0","-1.0"
"1","2017","14","Chhattisgarh","Durg","246.0","-1.0","200.0","-1.0"
"2","2016","14","Chhattisgarh","Bastar","150.0","-1.0","201.0","-1.0"
"2","2017","14","Chhattisgarh","Bastar","262.5","-1.0","200.0","-1.0"
"3","2016","14","Chhattisgarh","Raipur","300.0","-1.0","201.0","-1.0"
"3","2017","14","Chhattisgarh","Raipur","300.0","-1.0","200.0","-1.0"
"4","2016","14","Chhattisgarh","Bilaspur","300.0","-1.0","201.0","-1.0"
"4","2017","14","Chhattisgarh","Bilaspur","300.0","-1.0","200.0","-1.0"
"5","2016","14","Chhattisgarh","Raigarh","189.17","-1.0","201.0","-1.0"
"5","2017","14","Chhattisgarh","Raigarh","253.64","-1.0","200.0","-1.0"
"6","2016","14","Chhattisgarh","Surguja","235.0","-1.0","201.0","-1.0"
"6","2017","14","Chhattisgarh","Surguja","-1.0","-1.0","200.0","-1.0"
"7","2016","6","Madhya Pradesh","Jabalpur","261.43","-1.0","230.0","-1.0"
"7","2017","6","Madhya Pradesh","Jabalpur","341.67","-1.0","246.0","-1.0"
"8","2016","6","Madhya Pradesh","Balaghat","150.0","-1.0","230.0","-1.0"
"8","2017","6","Madhya Pradesh","Balaghat","150.0","-1.0","246.0","-1.0"
"9","2016","6","Madhya Pradesh","Chhindwara","200.0","-1.0","230.0","-1.0"
"9","2017","6","Madhya Pradesh","Chhindwara","242.73","-1.0","246.0","-1.0"
"10","2016","6","Madhya Pradesh","Narsinghpur","174.29","-1.0","230.0","-1.0"
"10","2017","6","Madhya Pradesh","Narsinghpur","178.89","-1.0","246.0","-1.0"
"11","2016","6","Madhya Pradesh","Seoni","150.0","-1.0","230.0","-1.0"
"11","2017","6","Madhya Pradesh","Seoni","150.0","-1.0","246.0","-1.0"
"12","2016","6","Madhya Pradesh","Mandla","150.0","-1.0","230.0","-1.0"
"12","2017","6","Madhya Pradesh","Mandla","150.0","-1.0","246.0","-1.0"
"13","2016","6","Madhya Pradesh","Sagar","-1.0","-1.0","230.0","-1.0"
"13","2017","6","Madhya Pradesh","Sagar","-1.0","-1.0","246.0","-1.0"
"14","2016","6","Madhya Pradesh","Damoh","141.0","-1.0","230.0","-1.0"
"14","2017","6","Madhya Pradesh","Damoh","150.0","-1.0","246.0","-1.0"
"15","2016","6","Madhya Pradesh","Tikamgarh","650.0","-1.0","230.0","-1.0"
"15","2017","6","Madhya Pradesh","Tikamgarh","625.0","-1.0","246.0","-1.0"
"16","2016","6","Madhya Pradesh","Chhatarpur","200.0","-1.0","230.0","-1.0"
"16","2017","6","Madhya Pradesh","Chhatarpur","200.0","-1.0","246.0","-1.0"
"17","2016","6","Madhya Pradesh","Panna","200.0","-1.0","230.0","-1.0"
"17","2017","6","Madhya Pradesh","Panna","200.0","-1.0","246.0","-1.0"
"18","2016","6","Madhya Pradesh","Rewa","300.0","-1.0","230.0","-1.0"
"18","2017","6","Madhya Pradesh","Rewa","300.0","-1.0","246.0","-1.0"
"19","2016","6","Madhya Pradesh","Sidhi","271.43","-1.0","230.0","-1.0"
"19","2017","6","Madhya Pradesh","Sidhi","300.0","-1.0","246.0","-1.0"
"20","2016","6","Madhya Pradesh","Satna","204.55","-1.0","230.0","-1.0"
"20","2017","6","Madhya Pradesh","Satna","200.0","-1.0","246.0","-1.0"
"21","2016","6","Madhya Pradesh","Shahdol","201.67","-1.0","230.0","-1.0"
"21","2017","6","Madhya Pradesh","Shahdol","210.0","-1.0","246.0","-1.0"
"22","2016","6","Madhya Pradesh","Gwalior","300.0","-1.0","230.0","-1.0"
"22","2017","6","Madhya Pradesh","Gwalior","300.0","-1.0","246.0","-1.0"
"23","2016","6","Madhya Pradesh","Shivpuri","335.0","-1.0","230.0","-1.0"
"23","2017","6","Madhya Pradesh","Shivpuri","300.0","-1.0","246.0","-1.0"
"24","2016","6","Madhya Pradesh","Guna","400.0","-1.0","230.0","-1.0"
"24","2017","6","Madhya Pradesh","Guna","420.0","-1.0","246.0","-1.0"
"25","2016","6","Madhya Pradesh","Datia","300.0","-1.0","230.0","-1.0"
"25","2017","6","Madhya Pradesh","Datia","300.0","-1.0","246.0","-1.0"
"26","2016","6","Madhya Pradesh","Morena","-1.0","-1.0","230.0","-1.0"
"26","2017","6","Madhya Pradesh","Morena","475.0","-1.0","246.0","-1.0"
"27","2016","6","Madhya Pradesh","Bhind","300.0","-1.0","230.0","-1.0"
"27","2017","6","Madhya Pradesh","Bhind","300.0","-1.0","246.0","-1.0"
"28","2016","6","Madhya Pradesh","Indore","300.0","-1.0","230.0","-1.0"
"28","2017","6","Madhya Pradesh","Indore","350.0","-1.0","246.0","-1.0"
"29","2016","6","Madhya Pradesh","Ratlam","300.0","-1.0","230.0","-1.0"
"29","2017","6","Madhya Pradesh","Ratlam","220.0","-1.0","246.0","-1.0"
"30","2016","6","Madhya Pradesh","Ujjain","200.0","-1.0","230.0","-1.0"
"30","2017","6","Madhya Pradesh","Ujjain","200.0","-1.0","246.0","-1.0"
"31","2016","6","Madhya Pradesh","Mandsaur","-1.0","-1.0","230.0","-1.0"
"31","2017","6","Madhya Pradesh","Mandsaur","-1.0","-1.0","246.0","-1.0"
"32","2016","6","Madhya Pradesh","Dewas","316.67","-1.0","230.0","-1.0"
"32","2017","6","Madhya Pradesh","Dewas","350.0","-1.0","246.0","-1.0"
"33","2016","6","Madhya Pradesh","Dhar","296.0","-1.0","230.0","-1.0"
"33","2017","6","Madhya Pradesh","Dhar","283.33","-1.0","246.0","-1.0"
"34","2016","6","Madhya Pradesh","Jhabua","200.0","-1.0","230.0","-1.0"
"34","2017","6","Madhya Pradesh","Jhabua","200.0","-1.0","246.0","-1.0"
"35","2016","6","Madhya Pradesh","Khargone","250.0","-1.0","230.0","-1.0"
"35","2017","6","Madhya Pradesh","Khargone","250.0","-1.0","246.0","-1.0"
"36","2016","6","Madhya Pradesh","Khandwa","-1.0","-1.0","230.0","-1.0"
"36","2017","6","Madhya Pradesh","Khandwa","-1.0","-1.0","246.0","-1.0"
"37","2016","6","Madhya Pradesh","Sehore","220.0","-1.0","230.0","-1.0"
"37","2017","6","Madhya Pradesh","Sehore","208.0","-1.0","246.0","-1.0"
"38","2016","6","Madhya Pradesh","Raisen","-1.0","-1.0","230.0","-1.0"
"38","2017","6","Madhya Pradesh","Raisen","-1.0","-1.0","246.0","-1.0"
"39","2016","6","Madhya Pradesh","Vidisha","200.0","-1.0","230.0","-1.0"
"39","2017","6","Madhya Pradesh","Vidisha","200.0","-1.0","246.0","-1.0"
"40","2016","6","Madhya Pradesh","Betul","400.0","-1.0","230.0","-1.0"
"40","2017","6","Madhya Pradesh","Betul","421.43","-1.0","246.0","-1.0"
"41","2016","6","Madhya Pradesh","Rajgarh","250.0","-1.0","230.0","-1.0"
"41","2017","6","Madhya Pradesh","Rajgarh","250.0","-1.0","246.0","-1.0"
"42","2016","6","Madhya Pradesh","Shajapur","231.25","-1.0","230.0","-1.0"
"42","2017","6","Madhya Pradesh","Shajapur","-1.0","-1.0","246.0","-1.0"
"43","2016","6","Madhya Pradesh","Hoshangabad","244.44","-1.0","230.0","-1.0"
"43","2017","6","Madhya Pradesh","Hoshangabad","250.0","-1.0","246.0","-1.0"
"44","2016","1","Andhra Pradesh","Srikakulam","298.71","220.83","321.0","220.83"
"44","2017","1","Andhra Pradesh","Srikakulam","355.0","221.43","331.0","221.43"
"45","2016","1","Andhra Pradesh","Visakhapatnam","296.92","154.5","321.0","154.5"
"45","2017","1","Andhra Pradesh","Visakhapatnam","333.08","206.83","331.0","206.83"
"46","2016","1","Andhra Pradesh","East Godavari","431.58","252.08","321.0","252.08"
"46","2017","1","Andhra Pradesh","East Godavari","336.0","250.55","331.0","250.55"
"47","2016","1","Andhra Pradesh","West Godavari","322.09","260.73","321.0","260.73"
"47","2017","1","Andhra Pradesh","West Godavari","364.33","329.18","331.0","329.18"
"48","2016","1","Andhra Pradesh","Krishna","335.42","191.27","321.0","191.27"
"48","2017","1","Andhra Pradesh","Krishna","412.5","287.5","331.0","287.5"
"49","2016","1","Andhra Pradesh","Guntur","346.83","292.3","321.0","292.3"
"49","2017","1","Andhra Pradesh","Guntur","343.0","245.83","331.0","245.83"
"50","2016","1","Andhra Pradesh","S.P.S.Nellore","390.55","317.89","321.0","317.89"
"50","2017","1","Andhra Pradesh","S.P.S.Nellore","382.92","229.0","331.0","229.0"
"51","2016","1","Andhra Pradesh","Kurnool","214.75","145.64","321.0","145.64"
"51","2017","1","Andhra Pradesh","Kurnool","246.83","150.83","331.0","150.83"
"52","2016","1","Andhra Pradesh","Anantapur","287.5","205.0","321.0","205.0"
"52","2017","1","Andhra Pradesh","Anantapur","283.5","203.58","331.0","203.58"
"53","2016","1","Andhra Pradesh","Kadapa YSR","340.0","249.67","321.0","249.67"
"53","2017","1","Andhra Pradesh","Kadapa YSR","340.5","260.42","331.0","260.42"
"54","2016","1","Andhra Pradesh","Chittoor","304.55","239.09","321.0","239.09"
"54","2017","1","Andhra Pradesh","Chittoor","301.67","240.0","331.0","240.0"
"55","2016","20","Telangana","Hyderabad","-1.0","-1.0","290.0","-1.0"
"55","2017","20","Telangana","Hyderabad","-1.0","-1.0","333.0","-1.0"
"56","2016","20","Telangana","Nizamabad","319.0","267.33","290.0","267.33"
"56","2017","20","Telangana","Nizamabad","404.08","325.0","333.0","325.0"
"57","2016","20","Telangana","Medak","303.92","158.33","290.0","158.33"
"57","2017","20","Telangana","Medak","305.08","163.83","333.0","163.83"
"58","2016","20","Telangana","Mahabubnagar","304.17","184.64","290.0","184.64"
"58","2017","20","Telangana","Mahabubnagar","333.75","199.42","333.0","199.42"
"59","2016","20","Telangana","Nalgonda","215.5","166.75","290.0","166.75"
"59","2017","20","Telangana","Nalgonda","241.17","222.5","333.0","222.5"
"60","2016","20","Telangana","Warangal","305.67","151.45","290.0","151.45"
"60","2017","20","Telangana","Warangal","307.08","166.42","333.0","166.42"
"61","2016","20","Telangana","Khammam","206.82","200.0","290.0","200.0"
"61","2017","20","Telangana","Khammam","335.55","269.0","333.0","269.0"
"62","2016","20","Telangana","Karimnagar","441.67","195.67","290.0","195.67"
"62","2017","20","Telangana","Karimnagar","418.75","200.67","333.0","200.67"
"63","2016","20","Telangana","Adilabad","189.08","127.5","290.0","127.5"
"63","2017","20","Telangana","Adilabad","200.0","146.33","333.0","146.33"
"65","2016","5","Karnataka","Kolar","275.0","246.67","326.0","246.67"
"65","2017","5","Karnataka","Kolar","307.5","283.33","354.0","283.33"
"66","2016","5","Karnataka","Tumkur","241.67","196.67","326.0","196.67"
"66","2017","5","Karnataka","Tumkur","340.0","302.22","354.0","302.22"
"67","2016","5","Karnataka","Mysore","290.91","270.0","326.0","270.0"
"67","2017","5","Karnataka","Mysore","337.5","295.0","354.0","295.0"
"68","2016","5","Karnataka","Mandya","280.0","253.64","326.0","253.64"
"68","2017","5","Karnataka","Mandya","332.5","287.5","354.0","287.5"
"69","2016","5","Karnataka","Hassan","280.0","250.0","326.0","250.0"
"69","2017","5","Karnataka","Hassan","355.0","325.0","354.0","325.0"
"70","2016","5","Karnataka","Shimoge","340.0","296.67","326.0","296.67"
"70","2017","5","Karnataka","Shimoge","387.5","336.36","354.0","336.36"
"71","2016","5","Karnataka","Chickmagalur","340.91","292.73","326.0","292.73"
"71","2017","5","Karnataka","Chickmagalur","357.5","330.0","354.0","330.0"
"72","2016","5","Karnataka","Chitradurga","350.0","309.09","326.0","309.09"
"72","2017","5","Karnataka","Chitradurga","350.0","315.0","354.0","315.0"
"73","2016","5","Karnataka","Bellary","483.33","350.0","326.0","350.0"
"73","2017","5","Karnataka","Bellary","410.0","357.5","354.0","357.5"
"74","2016","5","Karnataka","Dharwad","-1.0","-1.0","326.0","-1.0"
"74","2017","5","Karnataka","Dharwad","-1.0","-1.0","354.0","-1.0"
"75","2016","5","Karnataka","Belgaum","-1.0","-1.0","326.0","-1.0"
"75","2017","5","Karnataka","Belgaum","-1.0","-1.0","354.0","-1.0"
"76","2016","5","Karnataka","Bijapur","-1.0","-1.0","326.0","-1.0"
"76","2017","5","Karnataka","Bijapur","-1.0","-1.0","354.0","-1.0"
"77","2016","5","Karnataka","Bidar","-1.0","-1.0","326.0","-1.0"
"77","2017","5","Karnataka","Bidar","-1.0","-1.0","354.0","-1.0"
"78","2016","5","Karnataka","Raichur","-1.0","-1.0","326.0","-1.0"
"78","2017","5","Karnataka","Raichur","-1.0","-1.0","354.0","-1.0"
"79","2016","5","Karnataka","Gulbarga","-1.0","-1.0","326.0","-1.0"
"79","2017","5","Karnataka","Gulbarga","-1.0","-1.0","354.0","-1.0"
"80","2016","5","Karnataka","Dakshina Kannada","-1.0","-1.0","326.0","-1.0"
"80","2017","5","Karnataka","Dakshina Kannada","-1.0","-1.0","354.0","-1.0"
"81","2016","5","Karnataka","Uttara Kannada","-1.0","-1.0","326.0","-1.0"
"81","2017","5","Karnataka","Uttara Kannada","-1.0","-1.0","354.0","-1.0"
"82","2016","5","Karnataka","Kodagu","-1.0","-1.0","326.0","-1.0"
"82","2017","5","Karnataka","Kodagu","-1.0","-1.0","354.0","-1.0"
"83","2016","11","Tamil Nadu","Kancheepuram","416.67","-1.0","327.0","-1.0"
"83","2017","11","Tamil Nadu","Kancheepuram","418.7","-1.0","346.0","-1.0"
"84","2016","11","Tamil Nadu","South Arcot Cuddalore","500.0","-1.0","327.0","-1.0"
"84","2017","11","Tamil Nadu","South Arcot Cuddalore","500.0","-1.0","346.0","-1.0"
"85","2016","11","Tamil Nadu","North Arcot Vellore","346.33","300.0","327.0","300.0"
"85","2017","11","Tamil Nadu","North Arcot Vellore","415.0","-1.0","346.0","-1.0"
"86","2016","11","Tamil Nadu","Salem","-1.0","-1.0","327.0","-1.0"
"86","2017","11","Tamil Nadu","Salem","750.0","-1.0","346.0","-1.0"
"87","2016","11","Tamil Nadu","Coimbatore","-1.0","-1.0","327.0","-1.0"
"87","2017","11","Tamil Nadu","Coimbatore","-1.0","-1.0","346.0","-1.0"
"88","2016","11","Tamil Nadu","Tiruchirapalli Trichy","-1.0","-1.0","327.0","-1.0"
"88","2017","11","Tamil Nadu","Tiruchirapalli Trichy","-1.0","-1.0","346.0","-1.0"
"89","2016","11","Tamil Nadu","Thanjavur","-1.0","-1.0","327.0","-1.0"
"89","2017","11","Tamil Nadu","Thanjavur","-1.0","-1.0","346.0","-1.0"
"90","2016","11","Tamil Nadu","Madurai","-1.0","-1.0","327.0","-1.0"
"90","2017","11","Tamil Nadu","Madurai","158.0","-1.0","346.0","-1.0"
"91","2016","11","Tamil Nadu","Ramananthapuram","-1.0","-1.0","327.0","-1.0"
"91","2017","11","Tamil Nadu","Ramananthapuram","-1.0","-1.0","346.0","-1.0"
"92","2016","11","Tamil Nadu","Thirunelveli","-1.0","-1.0","327.0","-1.0"
"92","2017","11","Tamil Nadu","Thirunelveli","-1.0","-1.0","346.0","-1.0"
"93","2016","11","Tamil Nadu","The Nilgiris","-1.0","-1.0","327.0","-1.0"
"93","2017","11","Tamil Nadu","The Nilgiris","391.29","-1.0","346.0","-1.0"
"94","2016","11","Tamil Nadu","Kanyakumari","-1.0","-1.0","327.0","-1.0"
"94","2017","11","Tamil Nadu","Kanyakumari","-1.0","-1.0","346.0","-1.0"
"96","2016","7","Maharashtra","Thane","-1.0","-1.0","132.0","-1.0"
"96","2017","7","Maharashtra","Thane","-1.0","-1.0","261.0","-1.0"
"97","2016","7","Maharashtra","Raigarh","-1.0","-1.0","132.0","-1.0"
"97","2017","7","Maharashtra","Raigarh","-1.0","-1.0","261.0","-1.0"
"98","2016","7","Maharashtra","Ratnagiri","-1.0","-1.0","132.0","-1.0"
"98","2017","7","Maharashtra","Ratnagiri","-1.0","-1.0","261.0","-1.0"
"99","2016","7","Maharashtra","Nasik","-1.0","-1.0","132.0","-1.0"
"99","2017","7","Maharashtra","Nasik","-1.0","-1.0","261.0","-1.0"
"100","2016","7","Maharashtra","Dhule","-1.0","-1.0","132.0","-1.0"
"100","2017","7","Maharashtra","Dhule","-1.0","-1.0","261.0","-1.0"
"101","2016","7","Maharashtra","Jalgaon","-1.0","-1.0","132.0","-1.0"
"101","2017","7","Maharashtra","Jalgaon","300.0","150.0","261.0","150.0"
"102","2016","7","Maharashtra","Ahmednagar","-1.0","-1.0","132.0","-1.0"
"102","2017","7","Maharashtra","Ahmednagar","-1.0","-1.0","261.0","-1.0"
"103","2016","7","Maharashtra","Pune","-1.0","-1.0","132.0","-1.0"
"103","2017","7","Maharashtra","Pune","-1.0","-1.0","261.0","-1.0"
"104","2016","7","Maharashtra","Satara","-1.0","-1.0","132.0","-1.0"
"104","2017","7","Maharashtra","Satara","-1.0","-1.0","261.0","-1.0"
"105","2016","7","Maharashtra","Sangli","-1.0","-1.0","132.0","-1.0"
"105","2017","7","Maharashtra","Sangli","-1.0","-1.0","261.0","-1.0"
"106","2016","7","Maharashtra","Solapur","-1.0","-1.0","132.0","-1.0"
"106","2017","7","Maharashtra","Solapur","-1.0","-1.0","261.0","-1.0"
"107","2016","7","Maharashtra","Kolhapur","-1.0","-1.0","132.0","-1.0"
"107","2017","7","Maharashtra","Kolhapur","-1.0","-1.0","261.0","-1.0"
"108","2016","7","Maharashtra","Aurangabad","-1.0","-1.0","132.0","-1.0"
"108","2017","7","Maharashtra","Aurangabad","-1.0","-1.0","261.0","-1.0"
"109","2016","7","Maharashtra","Parbhani","-1.0","-1.0","132.0","-1.0"
"109","2017","7","Maharashtra","Parbhani","-1.0","-1.0","261.0","-1.0"
"110","2016","7","Maharashtra","Bid","-1.0","-1.0","132.0","-1.0"
"110","2017","7","Maharashtra","Bid","-1.0","-1.0","261.0","-1.0"
"111","2016","7","Maharashtra","Nanded","-1.0","-1.0","132.0","-1.0"
"111","2017","7","Maharashtra","Nanded","-1.0","-1.0","261.0","-1.0"
"112","2016","7","Maharashtra","Osmanabad","-1.0","-1.0","132.0","-1.0"
"112","2017","7","Maharashtra","Osmanabad","-1.0","-1.0","261.0","-1.0"
"113","2016","7","Maharashtra","Buldhana","-1.0","-1.0","132.0","-1.0"
"113","2017","7","Maharashtra","Buldhana","-1.0","-1.0","261.0","-1.0"
"114","2016","7","Maharashtra","Akola","-1.0","-1.0","132.0","-1.0"
"114","2017","7","Maharashtra","Akola","-1.0","-1.0","261.0","-1.0"
"115","2016","7","Maharashtra","Amarawati","-1.0","-1.0","132.0","-1.0"
"115","2017","7","Maharashtra","Amarawati","-1.0","-1.0","261.0","-1.0"
"116","2016","7","Maharashtra","Yeotmal","-1.0","-1.0","132.0","-1.0"
"116","2017","7","Maharashtra","Yeotmal","-1.0","-1.0","261.0","-1.0"
"117","2016","7","Maharashtra","Wardha","-1.0","-1.0","132.0","-1.0"
"117","2017","7","Maharashtra","Wardha","-1.0","-1.0","261.0","-1.0"
"118","2016","7","Maharashtra","Nagpur","123.0","87.27","132.0","87.27"
"118","2017","7","Maharashtra","Nagpur","145.0","102.5","261.0","102.5"
"119","2016","7","Maharashtra","Bhandara","-1.0","-1.0","132.0","-1.0"
"119","2017","7","Maharashtra","Bhandara","-1.0","-1.0","261.0","-1.0"
"120","2016","7","Maharashtra","Chandrapur","300.0","150.0","132.0","150.0"
"120","2017","7","Maharashtra","Chandrapur","300.0","150.0","261.0","150.0"
"121","2016","3","Gujarat","Ahmedabad","262.27","-1.0","211.0","-1.0"
"121","2017","3","Gujarat","Ahmedabad","271.67","-1.0","219.0","-1.0"
"122","2016","3","Gujarat","Amreli","243.75","-1.0","211.0","-1.0"
"122","2017","3","Gujarat","Amreli","250.42","219.0","219.0","219.0"
"123","2016","3","Gujarat","Banaskantha","225.75","-1.0","211.0","-1.0"
"123","2017","3","Gujarat","Banaskantha","222.92","290.0","219.0","290.0"
"124","2016","3","Gujarat","Bharuch","150.0","-1.0","211.0","-1.0"
"124","2017","3","Gujarat","Bharuch","150.0","150.0","219.0","150.0"
"125","2016","3","Gujarat","Vadodara","191.82","-1.0","211.0","-1.0"
"125","2017","3","Gujarat","Vadodara","297.27","200.0","219.0","200.0"
"126","2016","3","Gujarat","Bhavnagar","333.42","-1.0","211.0","-1.0"
"126","2017","3","Gujarat","Bhavnagar","351.5","-1.0","219.0","-1.0"
"127","2016","3","Gujarat","Valsad","165.27","-1.0","211.0","-1.0"
"127","2017","3","Gujarat","Valsad","178.0","178.0","219.0","178.0"
"128","2016","3","Gujarat","Dangs","128.18","-1.0","211.0","-1.0"
"128","2017","3","Gujarat","Dangs","171.0","-1.0","219.0","-1.0"
"129","2016","3","Gujarat","Jamnagar","300.0","-1.0","211.0","-1.0"
"129","2017","3","Gujarat","Jamnagar","291.67","-1.0","219.0","-1.0"
"130","2016","3","Gujarat","Junagadh","251.33","-1.0","211.0","-1.0"
"130","2017","3","Gujarat","Junagadh","254.42","-1.0","219.0","-1.0"
"131","2016","3","Gujarat","Kheda","-1.0","-1.0","211.0","-1.0"
"131","2017","3","Gujarat","Kheda","-1.0","-1.0","219.0","-1.0"
"132","2016","3","Gujarat","Kutch","300.0","-1.0","211.0","-1.0"
"132","2017","3","Gujarat","Kutch","331.5","-1.0","219.0","-1.0"
"133","2016","3","Gujarat","Mehsana","231.25","-1.0","211.0","-1.0"
"133","2017","3","Gujarat","Mehsana","230.42","-1.0","219.0","-1.0"
"134","2016","3","Gujarat","Panchmahal","157.5","-1.0","211.0","-1.0"
"134","2017","3","Gujarat","Panchmahal","156.42","150.0","219.0","150.0"
"135","2016","3","Gujarat","Rajkot","249.0","-1.0","211.0","-1.0"
"135","2017","3","Gujarat","Rajkot","253.67","253.0","219.0","253.0"
"136","2016","3","Gujarat","Sabarkantha","164.36","-1.0","211.0","-1.0"
"136","2017","3","Gujarat","Sabarkantha","178.0","-1.0","219.0","-1.0"
"137","2016","3","Gujarat","Surat","208.27","-1.0","211.0","-1.0"
"137","2017","3","Gujarat","Surat","212.33","-1.0","219.0","-1.0"
"138","2016","3","Gujarat","Surendranagar","220.67","-1.0","211.0","-1.0"
"138","2017","3","Gujarat","Surendranagar","205.0","-1.0","219.0","-1.0"
"139","2016","10","Rajasthan","Ajmer","170.0","-1.0","314.0","-1.0"
"139","2017","10","Rajasthan","Ajmer","190.0","-1.0","336.0","-1.0"
"140","2016","10","Rajasthan","Alwar","320.0","242.86","314.0","242.86"
"140","2017","10","Rajasthan","Alwar","309.09","500.0","336.0","500.0"
"141","2016","10","Rajasthan","Banswara","233.33","195.0","314.0","195.0"
"141","2017","10","Rajasthan","Banswara","150.0","120.0","336.0","120.0"
"142","2016","10","Rajasthan","Barmer","316.67","200.0","314.0","200.0"
"142","2017","10","Rajasthan","Barmer","-1.0","-1.0","336.0","-1.0"
"143","2016","10","Rajasthan","Bharatpur","309.09","-1.0","314.0","-1.0"
"143","2017","10","Rajasthan","Bharatpur","350.0","-1.0","336.0","-1.0"
"144","2016","10","Rajasthan","Bhilwara","250.0","225.0","314.0","225.0"
"144","2017","10","Rajasthan","Bhilwara","295.45","247.73","336.0","247.73"
"145","2016","10","Rajasthan","Bikaner","350.0","350.0","314.0","350.0"
"145","2017","10","Rajasthan","Bikaner","-1.0","-1.0","336.0","-1.0"
"146","2016","10","Rajasthan","Bundi","150.0","150.0","314.0","150.0"
"146","2017","10","Rajasthan","Bundi","189.0","-1.0","336.0","-1.0"
"147","2016","10","Rajasthan","Chittorgarh","400.0","350.0","314.0","350.0"
"147","2017","10","Rajasthan","Chittorgarh","250.0","250.0","336.0","250.0"
"148","2016","10","Rajasthan","Churu","500.0","-1.0","314.0","-1.0"
"148","2017","10","Rajasthan","Churu","500.0","-1.0","336.0","-1.0"
"149","2016","10","Rajasthan","Dungarpur","293.75","233.33","314.0","233.33"
"149","2017","10","Rajasthan","Dungarpur","300.0","-1.0","336.0","-1.0"
"150","2016","10","Rajasthan","Ganganagar","355.0","-1.0","314.0","-1.0"
"150","2017","10","Rajasthan","Ganganagar","374.44","-1.0","336.0","-1.0"
"151","2016","10","Rajasthan","Jaipur","400.0","-1.0","314.0","-1.0"
"151","2017","10","Rajasthan","Jaipur","600.0","-1.0","336.0","-1.0"
"152","2016","10","Rajasthan","Jaisalmer","450.0","350.0","314.0","350.0"
"152","2017","10","Rajasthan","Jaisalmer","450.0","350.0","336.0","350.0"
"153","2016","10","Rajasthan","Jalore","333.33","200.0","314.0","200.0"
"153","2017","10","Rajasthan","Jalore","450.0","-1.0","336.0","-1.0"
"154","2016","10","Rajasthan","Jhalawar","200.0","-1.0","314.0","-1.0"
"154","2017","10","Rajasthan","Jhalawar","200.0","-1.0","336.0","-1.0"
"155","2016","10","Rajasthan","Jhunjhunu","-1.0","-1.0","314.0","-1.0"
"155","2017","10","Rajasthan","Jhunjhunu","-1.0","-1.0","336.0","-1.0"
"156","2016","10","Rajasthan","Jodhpur","400.0","250.0","314.0","250.0"
"156","2017","10","Rajasthan","Jodhpur","500.0","-1.0","336.0","-1.0"
"157","2016","10","Rajasthan","Kota","270.0","215.0","314.0","215.0"
"157","2017","10","Rajasthan","Kota","254.17","-1.0","336.0","-1.0"
"158","2016","10","Rajasthan","Nagaur","424.44","400.0","314.0","400.0"
"158","2017","10","Rajasthan","Nagaur","300.0","-1.0","336.0","-1.0"
"159","2016","10","Rajasthan","Pali","510.0","360.0","314.0","360.0"
"159","2017","10","Rajasthan","Pali","500.0","500.0","336.0","500.0"
"160","2016","10","Rajasthan","Swami Madhopur","400.0","-1.0","314.0","-1.0"
"160","2017","10","Rajasthan","Swami Madhopur","500.0","-1.0","336.0","-1.0"
"161","2016","10","Rajasthan","Sikar","500.0","-1.0","314.0","-1.0"
"161","2017","10","Rajasthan","Sikar","500.0","-1.0","336.0","-1.0"
"162","2016","10","Rajasthan","Sirohi","400.0","200.0","314.0","200.0"
"162","2017","10","Rajasthan","Sirohi","200.0","-1.0","336.0","-1.0"
"163","2016","10","Rajasthan","Tonk","558.33","-1.0","314.0","-1.0"
"163","2017","10","Rajasthan","Tonk","562.5","-1.0","336.0","-1.0"
"164","2016","10","Rajasthan","Udaipur","238.89","-1.0","314.0","-1.0"
"164","2017","10","Rajasthan","Udaipur","251.0","-1.0","336.0","-1.0"
"165","2016","9","Punjab","Gurdaspur","354.55","-1.0","395.0","-1.0"
"165","2017","9","Punjab","Gurdaspur","400.0","-1.0","403.0","-1.0"
"166","2016","9","Punjab","Amritsar","450.0","-1.0","395.0","-1.0"
"166","2017","9","Punjab","Amritsar","450.0","-1.0","403.0","-1.0"
"167","2016","9","Punjab","Kapurthala","354.0","-1.0","395.0","-1.0"
"167","2017","9","Punjab","Kapurthala","356.18","-1.0","403.0","-1.0"
"168","2016","9","Punjab","Jalandhar","495.0","-1.0","395.0","-1.0"
"168","2017","9","Punjab","Jalandhar","495.0","-1.0","403.0","-1.0"
"169","2016","9","Punjab","Hoshiarpur","393.33","-1.0","395.0","-1.0"
"169","2017","9","Punjab","Hoshiarpur","400.0","-1.0","403.0","-1.0"
"170","2016","9","Punjab","Roopnagar","570.0","-1.0","395.0","-1.0"
"170","2017","9","Punjab","Roopnagar","570.0","-1.0","403.0","-1.0"
"171","2016","9","Punjab","Ludhiana","430.0","-1.0","395.0","-1.0"
"171","2017","9","Punjab","Ludhiana","464.0","-1.0","403.0","-1.0"
"172","2016","9","Punjab","Ferozpur","420.0","-1.0","395.0","-1.0"
"172","2017","9","Punjab","Ferozpur","420.83","-1.0","403.0","-1.0"
"173","2016","9","Punjab","Faridkot","480.0","-1.0","395.0","-1.0"
"173","2017","9","Punjab","Faridkot","488.33","-1.0","403.0","-1.0"
"174","2016","9","Punjab","Bhatinda","350.0","-1.0","395.0","-1.0"
"174","2017","9","Punjab","Bhatinda","372.22","-1.0","403.0","-1.0"
"175","2016","9","Punjab","Sangrur","410.0","-1.0","395.0","-1.0"
"175","2017","9","Punjab","Sangrur","416.0","-1.0","403.0","-1.0"
"176","2016","9","Punjab","Patiala","356.18","-1.0","395.0","-1.0"
"176","2017","9","Punjab","Patiala","365.0","-1.0","403.0","-1.0"
"177","2016","4","Haryana","Hissar","450.0","-1.0","390.0","-1.0"
"177","2017","4","Haryana","Hissar","450.0","-1.0","416.0","-1.0"
"178","2016","4","Haryana","Sirsa","-1.0","-1.0","390.0","-1.0"
"178","2017","4","Haryana","Sirsa","-1.0","-1.0","416.0","-1.0"
"179","2016","4","Haryana","Bhiwani","308.33","-1.0","390.0","-1.0"
"179","2017","4","Haryana","Bhiwani","408.33","-1.0","416.0","-1.0"
"180","2016","4","Haryana","Gurgaon","600.0","-1.0","390.0","-1.0"
"180","2017","4","Haryana","Gurgaon","600.0","-1.0","416.0","-1.0"
"181","2016","4","Haryana","Jind","400.0","-1.0","390.0","-1.0"
"181","2017","4","Haryana","Jind","400.0","-1.0","416.0","-1.0"
"182","2016","4","Haryana","Mahendragarh","500.0","-1.0","390.0","-1.0"
"182","2017","4","Haryana","Mahendragarh","491.67","-1.0","416.0","-1.0"
"183","2016","4","Haryana","Ambala","375.0","-1.0","390.0","-1.0"
"183","2017","4","Haryana","Ambala","397.92","-1.0","416.0","-1.0"
"184","2016","4","Haryana","Karnal","350.0","-1.0","390.0","-1.0"
"184","2017","4","Haryana","Karnal","350.0","-1.0","416.0","-1.0"
"185","2016","4","Haryana","Kurukshetra","300.0","-1.0","390.0","-1.0"
"185","2017","4","Haryana","Kurukshetra","300.0","-1.0","416.0","-1.0"
"186","2016","4","Haryana","Rohtak","545.83","-1.0","390.0","-1.0"
"186","2017","4","Haryana","Rohtak","483.33","-1.0","416.0","-1.0"
"187","2016","4","Haryana","Sonepat","450.0","-1.0","390.0","-1.0"
"187","2017","4","Haryana","Sonepat","566.67","-1.0","416.0","-1.0"
"188","2016","4","Haryana","Faridabad","400.0","-1.0","390.0","-1.0"
"188","2017","4","Haryana","Faridabad","550.0","-1.0","416.0","-1.0"
"189","2016","12","Uttar Pradesh","Saharanpur","200.0","-1.0","233.0","-1.0"
"189","2017","12","Uttar Pradesh","Saharanpur","-1.0","-1.0","241.0","-1.0"
"190","2016","12","Uttar Pradesh","Muzaffarnagar","306.25","-1.0","233.0","-1.0"
"190","2017","12","Uttar Pradesh","Muzaffarnagar","325.0","-1.0","241.0","-1.0"
"191","2016","12","Uttar Pradesh","Meerut","-1.0","-1.0","233.0","-1.0"
"191","2017","12","Uttar Pradesh","Meerut","295.83","-1.0","241.0","-1.0"
"192","2016","12","Uttar Pradesh","Buland Shahar","-1.0","-1.0","233.0","-1.0"
"192","2017","12","Uttar Pradesh","Buland Shahar","-1.0","-1.0","241.0","-1.0"
"193","2016","12","Uttar Pradesh","Ghaziabad","300.0","-1.0","233.0","-1.0"
"193","2017","12","Uttar Pradesh","Ghaziabad","326.58","-1.0","241.0","-1.0"
"194","2016","12","Uttar Pradesh","Aligarh","244.0","-1.0","233.0","-1.0"
"194","2017","12","Uttar Pradesh","Aligarh","300.0","-1.0","241.0","-1.0"
"195","2016","12","Uttar Pradesh","Mathura","295.0","-1.0","233.0","-1.0"
"195","2017","12","Uttar Pradesh","Mathura","-1.0","-1.0","241.0","-1.0"
"196","2016","12","Uttar Pradesh","Agra","-1.0","-1.0","233.0","-1.0"
"196","2017","12","Uttar Pradesh","Agra","-1.0","-1.0","241.0","-1.0"
"197","2016","12","Uttar Pradesh","Mainpuri","250.0","-1.0","233.0","-1.0"
"197","2017","12","Uttar Pradesh","Mainpuri","250.0","-1.0","241.0","-1.0"
"198","2016","12","Uttar Pradesh","Etah","-1.0","-1.0","233.0","-1.0"
"198","2017","12","Uttar Pradesh","Etah","-1.0","-1.0","241.0","-1.0"
"199","2016","12","Uttar Pradesh","Bareilly","200.0","-1.0","233.0","-1.0"
"199","2017","12","Uttar Pradesh","Bareilly","216.67","-1.0","241.0","-1.0"
"200","2016","12","Uttar Pradesh","Budaun","200.0","-1.0","233.0","-1.0"
"200","2017","12","Uttar Pradesh","Budaun","292.86","-1.0","241.0","-1.0"
"201","2016","12","Uttar Pradesh","Moradabad","251.89","-1.0","233.0","-1.0"
"201","2017","12","Uttar Pradesh","Moradabad","284.0","-1.0","241.0","-1.0"
"202","2016","12","Uttar Pradesh","Shahjahanpur","-1.0","-1.0","233.0","-1.0"
"202","2017","12","Uttar Pradesh","Shahjahanpur","-1.0","-1.0","241.0","-1.0"
"203","2016","12","Uttar Pradesh","Pilibhit","174.0","-1.0","233.0","-1.0"
"203","2017","12","Uttar Pradesh","Pilibhit","174.0","143.78","241.0","143.78"
"204","2016","12","Uttar Pradesh","Rampur","-1.0","-1.0","233.0","-1.0"
"204","2017","12","Uttar Pradesh","Rampur","200.0","-1.0","241.0","-1.0"
"205","2016","12","Uttar Pradesh","Bijnor","250.0","-1.0","233.0","-1.0"
"205","2017","12","Uttar Pradesh","Bijnor","262.5","-1.0","241.0","-1.0"
"206","2016","12","Uttar Pradesh","Farrukhabad","200.0","-1.0","233.0","-1.0"
"206","2017","12","Uttar Pradesh","Farrukhabad","250.0","-1.0","241.0","-1.0"
"207","2016","12","Uttar Pradesh","Etawah","-1.0","-1.0","233.0","-1.0"
"207","2017","12","Uttar Pradesh","Etawah","-1.0","-1.0","241.0","-1.0"
"209","2016","12","Uttar Pradesh","Fatehpur","250.0","-1.0","233.0","-1.0"
"209","2017","12","Uttar Pradesh","Fatehpur","247.92","-1.0","241.0","-1.0"
"210","2016","12","Uttar Pradesh","Allahabad","-1.0","-1.0","233.0","-1.0"
"210","2017","12","Uttar Pradesh","Allahabad","277.75","-1.0","241.0","-1.0"
"211","2016","12","Uttar Pradesh","Jhansi","200.0","-1.0","233.0","-1.0"
"211","2017","12","Uttar Pradesh","Jhansi","200.0","-1.0","241.0","-1.0"
"212","2016","12","Uttar Pradesh","Lalitpur","350.0","-1.0","233.0","-1.0"
"212","2017","12","Uttar Pradesh","Lalitpur","350.0","-1.0","241.0","-1.0"
"213","2016","12","Uttar Pradesh","Jalaun","-1.0","-1.0","233.0","-1.0"
"213","2017","12","Uttar Pradesh","Jalaun","-1.0","-1.0","241.0","-1.0"
"214","2016","12","Uttar Pradesh","Hamirpur","173.33","-1.0","233.0","-1.0"
"214","2017","12","Uttar Pradesh","Hamirpur","-1.0","-1.0","241.0","-1.0"
"215","2016","12","Uttar Pradesh","Banda","-1.0","-1.0","233.0","-1.0"
"215","2017","12","Uttar Pradesh","Banda","200.0","-1.0","241.0","-1.0"
"216","2016","12","Uttar Pradesh","Varanasi","-1.0","-1.0","233.0","-1.0"
"216","2017","12","Uttar Pradesh","Varanasi","-1.0","-1.0","241.0","-1.0"
"217","2016","12","Uttar Pradesh","Mirzpur","243.8","-1.0","233.0","-1.0"
"217","2017","12","Uttar Pradesh","Mirzpur","246.6","-1.0","241.0","-1.0"
"218","2016","12","Uttar Pradesh","Jaunpur","-1.0","-1.0","233.0","-1.0"
"218","2017","12","Uttar Pradesh","Jaunpur","-1.0","-1.0","241.0","-1.0"
"219","2016","12","Uttar Pradesh","Ghazipur","254.17","-1.0","233.0","-1.0"
"219","2017","12","Uttar Pradesh","Ghazipur","252.27","-1.0","241.0","-1.0"
"220","2016","12","Uttar Pradesh","Ballia","-1.0","-1.0","233.0","-1.0"
"220","2017","12","Uttar Pradesh","Ballia","187.0","-1.0","241.0","-1.0"
"221","2016","12","Uttar Pradesh","Gorakhpur","196.4","-1.0","233.0","-1.0"
"221","2017","12","Uttar Pradesh","Gorakhpur","-1.0","-1.0","241.0","-1.0"
"222","2016","12","Uttar Pradesh","Deoria","-1.0","-1.0","233.0","-1.0"
"222","2017","12","Uttar Pradesh","Deoria","-1.0","-1.0","241.0","-1.0"
"223","2016","12","Uttar Pradesh","Basti","-1.0","-1.0","233.0","-1.0"
"223","2017","12","Uttar Pradesh","Basti","250.0","-1.0","241.0","-1.0"
"224","2016","12","Uttar Pradesh","Azamgarh","254.67","-1.0","233.0","-1.0"
"224","2017","12","Uttar Pradesh","Azamgarh","283.2","-1.0","241.0","-1.0"
"225","2016","12","Uttar Pradesh","Lucknow","250.0","-1.0","233.0","-1.0"
"225","2017","12","Uttar Pradesh","Lucknow","250.0","-1.0","241.0","-1.0"
"226","2016","12","Uttar Pradesh","Unnao","194.67","-1.0","233.0","-1.0"
"226","2017","12","Uttar Pradesh","Unnao","215.0","-1.0","241.0","-1.0"
"227","2016","12","Uttar Pradesh","Rae - Bareily","-1.0","-1.0","233.0","-1.0"
"227","2017","12","Uttar Pradesh","Rae - Bareily","-1.0","-1.0","241.0","-1.0"
"228","2016","12","Uttar Pradesh","Sitapur","200.0","-1.0","233.0","-1.0"
"228","2017","12","Uttar Pradesh","Sitapur","200.0","-1.0","241.0","-1.0"
"229","2016","12","Uttar Pradesh","Hardoi","200.0","-1.0","233.0","-1.0"
"229","2017","12","Uttar Pradesh","Hardoi","200.0","-1.0","241.0","-1.0"
"230","2016","12","Uttar Pradesh","Kheri","-1.0","-1.0","233.0","-1.0"
"230","2017","12","Uttar Pradesh","Kheri","-1.0","-1.0","241.0","-1.0"
"231","2016","12","Uttar Pradesh","Faizabad","200.0","-1.0","233.0","-1.0"
"231","2017","12","Uttar Pradesh","Faizabad","200.0","-1.0","241.0","-1.0"
"232","2016","12","Uttar Pradesh","Gonda","-1.0","-1.0","233.0","-1.0"
"232","2017","12","Uttar Pradesh","Gonda","-1.0","-1.0","241.0","-1.0"
"233","2016","12","Uttar Pradesh","Bahraich","-1.0","-1.0","233.0","-1.0"
"233","2017","12","Uttar Pradesh","Bahraich","265.82","-1.0","241.0","-1.0"
"234","2016","12","Uttar Pradesh","Sultanpur","208.17","-1.0","233.0","-1.0"
"234","2017","12","Uttar Pradesh","Sultanpur","217.5","-1.0","241.0","-1.0"
"235","2016","12","Uttar Pradesh","Pratapgarh","274.88","-1.0","233.0","-1.0"
"235","2017","12","Uttar Pradesh","Pratapgarh","212.5","-1.0","241.0","-1.0"
"236","2016","12","Uttar Pradesh","Barabanki","219.0","-1.0","233.0","-1.0"
"236","2017","12","Uttar Pradesh","Barabanki","225.0","-1.0","241.0","-1.0"
"237","2016","16","Uttarakhand","Nainital","-1.0","-1.0","402.0","-1.0"
"237","2017","16","Uttarakhand","Nainital","-1.0","-1.0","350.0","-1.0"
"238","2016","16","Uttarakhand","Almorah","500.0","0.0","402.0","0.0"
"238","2017","16","Uttarakhand","Almorah","700.0","-1.0","350.0","-1.0"
"239","2016","16","Uttarakhand","Pithorgarh","-1.0","-1.0","402.0","-1.0"
"239","2017","16","Uttarakhand","Pithorgarh","400.0","-1.0","350.0","-1.0"
"240","2016","16","Uttarakhand","Chamoli","500.0","0.0","402.0","0.0"
"240","2017","16","Uttarakhand","Chamoli","-1.0","-1.0","350.0","-1.0"
"241","2016","16","Uttarakhand","Uttar Kashi","-1.0","-1.0","402.0","-1.0"
"241","2017","16","Uttarakhand","Uttar Kashi","-1.0","-1.0","350.0","-1.0"
"242","2016","16","Uttarakhand","Tehri Garhwal","-1.0","-1.0","402.0","-1.0"
"242","2017","16","Uttarakhand","Tehri Garhwal","-1.0","-1.0","350.0","-1.0"
"243","2016","16","Uttarakhand","Garhwal","-1.0","-1.0","402.0","-1.0"
"243","2017","16","Uttarakhand","Garhwal","400.0","-1.0","350.0","-1.0"
"244","2016","16","Uttarakhand","Dehradun","-1.0","-1.0","402.0","-1.0"
"244","2017","16","Uttarakhand","Dehradun","-1.0","-1.0","350.0","-1.0"
"501","2016","14","Chhattisgarh","Rajnandgaon","450.0","-1.0","201.0","-1.0"
"501","2017","14","Chhattisgarh","Rajnandgaon","450.0","-1.0","200.0","-1.0"
"502","2016","6","Madhya Pradesh","Bhopal","245.0","-1.0","230.0","-1.0"
"502","2017","6","Madhya Pradesh","Bhopal","250.0","-1.0","246.0","-1.0"
"503","2016","1","Andhra Pradesh","Vizianagaram","296.4","201.38","321.0","201.38"
"503","2017","1","Andhra Pradesh","Vizianagaram","297.25","237.5","331.0","237.5"
"504","2016","1","Andhra Pradesh","Prakasam","255.14","178.4","321.0","178.4"
"504","2017","1","Andhra Pradesh","Prakasam","297.25","235.67","331.0","235.67"
"506","2016","11","Tamil Nadu","Dharmapuri","650.0","-1.0","327.0","-1.0"
"506","2017","11","Tamil Nadu","Dharmapuri","675.0","-1.0","346.0","-1.0"
"507","2016","11","Tamil Nadu","Periyar(Erode)","257.0","-1.0","327.0","-1.0"
"507","2017","11","Tamil Nadu","Periyar(Erode)","-1.0","-1.0","346.0","-1.0"
"508","2016","11","Tamil Nadu","Pudukkottai","550.0","-1.0","327.0","-1.0"
"508","2017","11","Tamil Nadu","Pudukkottai","570.0","-1.0","346.0","-1.0"
"509","2016","11","Tamil Nadu","Dindigul Anna","-1.0","-1.0","327.0","-1.0"
"509","2017","11","Tamil Nadu","Dindigul Anna","-1.0","-1.0","346.0","-1.0"
"510","2016","11","Tamil Nadu","Virudhunagar Kamarajar","-1.0","-1.0","327.0","-1.0"
"510","2017","11","Tamil Nadu","Virudhunagar Kamarajar","153.0","-1.0","346.0","-1.0"
"512","2016","11","Tamil Nadu","Sivagangai Pasumpon","525.0","-1.0","327.0","-1.0"
"512","2017","11","Tamil Nadu","Sivagangai Pasumpon","400.0","-1.0","346.0","-1.0"
"513","2016","11","Tamil Nadu","Chidambanar Toothukudi","-1.0","-1.0","327.0","-1.0"
"513","2017","11","Tamil Nadu","Chidambanar Toothukudi","150.0","-1.0","346.0","-1.0"
"514","2016","7","Maharashtra","Jalna","-1.0","-1.0","132.0","-1.0"
"514","2017","7","Maharashtra","Jalna","-1.0","-1.0","261.0","-1.0"
"515","2016","7","Maharashtra","Latur","-1.0","-1.0","132.0","-1.0"
"515","2017","7","Maharashtra","Latur","-1.0","-1.0","261.0","-1.0"
"516","2016","7","Maharashtra","Gadchiroli","-1.0","-1.0","132.0","-1.0"
"516","2017","7","Maharashtra","Gadchiroli","-1.0","-1.0","261.0","-1.0"
"517","2016","7","Maharashtra","Sindhudurg","-1.0","-1.0","132.0","-1.0"
"517","2017","7","Maharashtra","Sindhudurg","-1.0","-1.0","261.0","-1.0"
"518","2016","3","Gujarat","Gandhinagar","150.0","150.0","211.0","150.0"
"518","2017","3","Gujarat","Gandhinagar","150.0","-1.0","219.0","-1.0"
"519","2016","10","Rajasthan","Dholpur","400.0","300.0","314.0","300.0"
"519","2017","10","Rajasthan","Dholpur","-1.0","-1.0","336.0","-1.0"
"520","2016","20","Telangana","Rangareddy","333.33","219.75","290.0","219.75"
"520","2017","20","Telangana","Rangareddy","655.42","249.17","333.0","249.17"
"521","2016","11","Tamil Nadu","Thiruvannamalai","378.33","-1.0","327.0","-1.0"
"521","2017","11","Tamil Nadu","Thiruvannamalai","456.0","250.0","346.0","250.0"
"523","2016","4","Haryana","Yamunanagar","350.0","-1.0","390.0","-1.0"
"523","2017","4","Haryana","Yamunanagar","365.0","-1.0","416.0","-1.0"
"524","2016","4","Haryana","Kaithal","375.0","-1.0","390.0","-1.0"
"524","2017","4","Haryana","Kaithal","400.0","-1.0","416.0","-1.0"
"525","2016","4","Haryana","Panipat","408.33","-1.0","390.0","-1.0"
"525","2017","4","Haryana","Panipat","408.33","-1.0","416.0","-1.0"
"526","2016","4","Haryana","Rewari","-1.0","-1.0","390.0","-1.0"
"526","2017","4","Haryana","Rewari","-1.0","-1.0","416.0","-1.0"
"527","2016","16","Uttarakhand","Haridwar","-1.0","-1.0","402.0","-1.0"
"527","2017","16","Uttarakhand","Haridwar","-1.0","-1.0","350.0","-1.0"
"528","2016","12","Uttar Pradesh","Firozabad","-1.0","-1.0","233.0","-1.0"
"528","2017","12","Uttar Pradesh","Firozabad","-1.0","-1.0","241.0","-1.0"
"529","2016","12","Uttar Pradesh","Sonbhadra","145.0","-1.0","233.0","-1.0"
"529","2017","12","Uttar Pradesh","Sonbhadra","190.0","-1.0","241.0","-1.0"
"530","2016","12","Uttar Pradesh","Mau","200.0","-1.0","233.0","-1.0"
"530","2017","12","Uttar Pradesh","Mau","-1.0","-1.0","241.0","-1.0"
"531","2016","12","Uttar Pradesh","Mahrajgani","-1.0","-1.0","233.0","-1.0"
"531","2017","12","Uttar Pradesh","Mahrajgani","210.0","-1.0","241.0","-1.0"
"532","2016","12","Uttar Pradesh","Sidharthnagar","-1.0","-1.0","233.0","-1.0"
"532","2017","12","Uttar Pradesh","Sidharthnagar","275.0","-1.0","241.0","-1.0"
"533","2016","12","Uttar Pradesh","Mahoba","400.0","-1.0","233.0","-1.0"
"533","2017","12","Uttar Pradesh","Mahoba","-1.0","-1.0","241.0","-1.0"
"536","2016","10","Rajasthan","Baran","184.55","166.0","314.0","166.0"
"536","2017","10","Rajasthan","Baran","221.0","190.0","336.0","190.0"
"537","2016","10","Rajasthan","Dausa","350.0","-1.0","314.0","-1.0"
"537","2017","10","Rajasthan","Dausa","350.0","-1.0","336.0","-1.0"
"538","2016","10","Rajasthan","Rajsamand","550.0","-1.0","314.0","-1.0"
"538","2017","10","Rajasthan","Rajsamand","300.0","-1.0","336.0","-1.0"
"539","2016","10","Rajasthan","Hanumangarh","350.0","-1.0","314.0","-1.0"
"539","2017","10","Rajasthan","Hanumangarh","400.0","-1.0","336.0","-1.0"
"542","2016","11","Tamil Nadu","Nagapattinam","-1.0","-1.0","327.0","-1.0"
"542","2017","11","Tamil Nadu","Nagapattinam","-1.0","-1.0","346.0","-1.0"
"543","2016","11","Tamil Nadu","Villupuram","377.67","-1.0","327.0","-1.0"
"543","2017","11","Tamil Nadu","Villupuram","355.75","-1.0","346.0","-1.0"
"545","2016","9","Punjab","Mansa","300.0","-1.0","395.0","-1.0"
"545","2017","9","Punjab","Mansa","315.0","-1.0","403.0","-1.0"
"546","2016","9","Punjab","Fatehgarh Sahib","365.0","-1.0","395.0","-1.0"
"546","2017","9","Punjab","Fatehgarh Sahib","378.33","-1.0","403.0","-1.0"
"547","2016","12","Uttar Pradesh","Kanpur Nagar","300.0","-1.0","233.0","-1.0"
"547","2017","12","Uttar Pradesh","Kanpur Nagar","-1.0","-1.0","241.0","-1.0"
"548","2016","12","Uttar Pradesh","Kanpur Dehat","-1.0","-1.0","233.0","-1.0"
"548","2017","12","Uttar Pradesh","Kanpur Dehat","-1.0","-1.0","241.0","-1.0"
"549","2016","5","Karnataka","Bangalore(Rural)","362.73","341.82","326.0","341.82"
"549","2017","5","Karnataka","Bangalore(Rural)","367.5","347.5","354.0","347.5"
"550","2016","5","Karnataka","Bangalore(Urban)","-1.0","-1.0","326.0","-1.0"
"550","2017","5","Karnataka","Bangalore(Urban)","-1.0","-1.0","354.0","-1.0"
"601","2016","17","Assam","Cachar","270.0","-1.0","275.0","-1.0"
"601","2017","17","Assam","Cachar","287.5","-1.0","278.0","-1.0"
"602","2016","17","Assam","Darrang","272.22","-1.0","275.0","-1.0"
"602","2017","17","Assam","Darrang","270.0","-1.0","278.0","-1.0"
"603","2016","17","Assam","Dibrugarh","285.0","-1.0","275.0","-1.0"
"603","2017","17","Assam","Dibrugarh","-1.0","-1.0","278.0","-1.0"
"604","2016","17","Assam","Goalpara","256.25","-1.0","275.0","-1.0"
"604","2017","17","Assam","Goalpara","263.33","-1.0","278.0","-1.0"
"605","2016","17","Assam","Kamrup","370.83","-1.0","275.0","-1.0"
"605","2017","17","Assam","Kamrup","400.0","-1.0","278.0","-1.0"
"606","2016","17","Assam","Karbi Anglong","-1.0","-1.0","275.0","-1.0"
"606","2017","17","Assam","Karbi Anglong","-1.0","-1.0","278.0","-1.0"
"607","2016","17","Assam","Lakhimpur","250.0","-1.0","275.0","-1.0"
"607","2017","17","Assam","Lakhimpur","250.0","-1.0","278.0","-1.0"
"608","2016","17","Assam","North Cachar Hil","-1.0","-1.0","275.0","-1.0"
"608","2017","17","Assam","North Cachar Hil","-1.0","-1.0","278.0","-1.0"
"609","2016","17","Assam","Nagaon","314.17","-1.0","275.0","-1.0"
"609","2017","17","Assam","Nagaon","351.67","-1.0","278.0","-1.0"
"610","2016","17","Assam","Sibsagar","250.0","-1.0","275.0","-1.0"
"610","2017","17","Assam","Sibsagar","-1.0","-1.0","278.0","-1.0"
"615","2016","17","Assam","Barpeta","275.0","200.0","275.0","200.0"
"615","2017","17","Assam","Barpeta","0.0","0.0","278.0","0.0"
"616","2016","17","Assam","Dhubri","-1.0","-1.0","275.0","-1.0"
"616","2017","17","Assam","Dhubri","-1.0","-1.0","278.0","-1.0"
"617","2016","17","Assam","Golaghat","353.89","-1.0","275.0","-1.0"
"617","2017","17","Assam","Golaghat","-1.0","-1.0","278.0","-1.0"
"618","2016","17","Assam","Jorhat","267.5","-1.0","275.0","-1.0"
"618","2017","17","Assam","Jorhat","267.5","-1.0","278.0","-1.0"
"619","2016","17","Assam","Karimganj","-1.0","-1.0","275.0","-1.0"
"619","2017","17","Assam","Karimganj","220.0","-1.0","278.0","-1.0"
"620","2016","17","Assam","Kokrajhar","250.0","-1.0","275.0","-1.0"
"620","2017","17","Assam","Kokrajhar","-1.0","-1.0","278.0","-1.0"
"621","2016","17","Assam","Nalbari","-1.0","-1.0","275.0","-1.0"
"621","2017","17","Assam","Nalbari","-1.0","-1.0","278.0","-1.0"
"622","2016","17","Assam","Sonitpur","-1.0","-1.0","275.0","-1.0"
"622","2017","17","Assam","Sonitpur","-1.0","-1.0","278.0","-1.0"
"626","2016","18","Himachal Pradesh","Bilashpur","450.0","-1.0","278.0","-1.0"
"626","2017","18","Himachal Pradesh","Bilashpur","460.0","-1.0","300.0","-1.0"
"627","2016","18","Himachal Pradesh","Chamba","325.0","-1.0","278.0","-1.0"
"627","2017","18","Himachal Pradesh","Chamba","375.0","-1.0","300.0","-1.0"
"628","2016","18","Himachal Pradesh","Hamirpur","375.0","-1.0","278.0","-1.0"
"628","2017","18","Himachal Pradesh","Hamirpur","395.83","-1.0","300.0","-1.0"
"629","2016","18","Himachal Pradesh","Kangra","316.67","-1.0","278.0","-1.0"
"629","2017","18","Himachal Pradesh","Kangra","322.5","320.0","300.0","320.0"
"630","2016","18","Himachal Pradesh","Kinnaur","625.0","350.0","278.0","350.0"
"630","2017","18","Himachal Pradesh","Kinnaur","650.0","-1.0","300.0","-1.0"
"631","2016","18","Himachal Pradesh","Kullu","325.0","-1.0","278.0","-1.0"
"631","2017","18","Himachal Pradesh","Kullu","375.0","-1.0","300.0","-1.0"
"632","2016","18","Himachal Pradesh","Lahul & Spiti","250.0","250.0","278.0","250.0"
"632","2017","18","Himachal Pradesh","Lahul & Spiti","275.0","-1.0","300.0","-1.0"
"633","2016","18","Himachal Pradesh","Solan","200.0","-1.0","278.0","-1.0"
"633","2017","18","Himachal Pradesh","Solan","275.0","-1.0","300.0","-1.0"
"634","2016","18","Himachal Pradesh","Mandi","200.0","-1.0","278.0","-1.0"
"634","2017","18","Himachal Pradesh","Mandi","337.5","-1.0","300.0","-1.0"
"635","2016","18","Himachal Pradesh","Shimla","200.0","-1.0","278.0","-1.0"
"635","2017","18","Himachal Pradesh","Shimla","260.83","-1.0","300.0","-1.0"
"636","2016","18","Himachal Pradesh","Sirmaur","200.0","200.0","278.0","200.0"
"636","2017","18","Himachal Pradesh","Sirmaur","275.0","-1.0","300.0","-1.0"
"637","2016","18","Himachal Pradesh","Una","300.0","-1.0","278.0","-1.0"
"637","2017","18","Himachal Pradesh","Una","350.0","-1.0","300.0","-1.0"
"651","2016","19","Kerala","Alappuzha","597.78","-1.0","582.0","-1.0"
"651","2017","19","Kerala","Alappuzha","-1.0","-1.0","613.0","-1.0"
"652","2016","19","Kerala","Kannur","550.0","-1.0","582.0","-1.0"
"652","2017","19","Kerala","Kannur","652.5","-1.0","613.0","-1.0"
"653","2016","19","Kerala","Eranakulam","-1.0","-1.0","582.0","-1.0"
"653","2017","19","Kerala","Eranakulam","-1.0","-1.0","613.0","-1.0"
"654","2016","19","Kerala","Idukki","600.0","-1.0","582.0","-1.0"
"654","2017","19","Kerala","Idukki","700.0","-1.0","613.0","-1.0"
"655","2016","19","Kerala","Kottayam","-1.0","-1.0","582.0","-1.0"
"655","2017","19","Kerala","Kottayam","-1.0","-1.0","613.0","-1.0"
"656","2016","19","Kerala","Kozhikode","953.33","-1.0","582.0","-1.0"
"656","2017","19","Kerala","Kozhikode","957.0","-1.0","613.0","-1.0"
"657","2016","19","Kerala","Malappuram","736.67","-1.0","582.0","-1.0"
"657","2017","19","Kerala","Malappuram","950.0","-1.0","613.0","-1.0"
"658","2016","19","Kerala","Palakkad","-1.0","-1.0","582.0","-1.0"
"658","2017","19","Kerala","Palakkad","-1.0","-1.0","613.0","-1.0"
"659","2016","19","Kerala","Kollam","-1.0","-1.0","582.0","-1.0"
"659","2017","19","Kerala","Kollam","-1.0","-1.0","613.0","-1.0"
"660","2016","19","Kerala","Thrissur","-1.0","-1.0","582.0","-1.0"
"660","2017","19","Kerala","Thrissur","-1.0","-1.0","613.0","-1.0"
"661","2016","19","Kerala","Thiruvananthapuram","-1.0","-1.0","582.0","-1.0"
"661","2017","19","Kerala","Thiruvananthapuram","-1.0","-1.0","613.0","-1.0"
"662","2016","19","Kerala","Kasaragod","530.0","-1.0","582.0","-1.0"
"662","2017","19","Kerala","Kasaragod","530.0","330.0","613.0","330.0"
"663","2016","19","Kerala","Pathanamthitta","-1.0","-1.0","582.0","-1.0"
"663","2017","19","Kerala","Pathanamthitta","-1.0","-1.0","613.0","-1.0"
"664","2016","19","Kerala","Wayanad","-1.0","-1.0","582.0","-1.0"
"664","2017","19","Kerala","Wayanad","-1.0","-1.0","613.0","-1.0"
"701","2016","8","Orissa","Balasore","300.0","-1.0","239.0","-1.0"
"701","2017","8","Orissa","Balasore","300.0","-1.0","270.0","-1.0"
"702","2016","8","Orissa","Bolangir","204.55","-1.0","239.0","-1.0"
"702","2017","8","Orissa","Bolangir","254.17","-1.0","270.0","-1.0"
"703","2016","8","Orissa","Cuttack","331.82","-1.0","239.0","-1.0"
"703","2017","8","Orissa","Cuttack","329.17","-1.0","270.0","-1.0"
"704","2016","8","Orissa","Dhenkanal","245.45","-1.0","239.0","-1.0"
"704","2017","8","Orissa","Dhenkanal","287.5","-1.0","270.0","-1.0"
"705","2016","8","Orissa","Ganjam","304.55","-1.0","239.0","-1.0"
"705","2017","8","Orissa","Ganjam","295.83","-1.0","270.0","-1.0"
"706","2016","8","Orissa","Kalahandi","261.82","-1.0","239.0","-1.0"
"706","2017","8","Orissa","Kalahandi","254.17","-1.0","270.0","-1.0"
"707","2016","8","Orissa","Keonjhar","236.36","-1.0","239.0","-1.0"
"707","2017","8","Orissa","Keonjhar","250.0","-1.0","270.0","-1.0"
"708","2016","8","Orissa","Koraput","228.18","-1.0","239.0","-1.0"
"708","2017","8","Orissa","Koraput","245.0","-1.0","270.0","-1.0"
"709","2016","8","Orissa","Mayurbhanja","217.27","-1.0","239.0","-1.0"
"709","2017","8","Orissa","Mayurbhanja","254.17","-1.0","270.0","-1.0"
"710","2016","8","Orissa","Phulbani(Kandhamal)","213.64","-1.0","239.0","-1.0"
"710","2017","8","Orissa","Phulbani(Kandhamal)","255.0","-1.0","270.0","-1.0"
"711","2016","8","Orissa","Puri","245.45","-1.0","239.0","-1.0"
"711","2017","8","Orissa","Puri","291.67","-1.0","270.0","-1.0"
"712","2016","8","Orissa","Sambalpur","204.55","-1.0","239.0","-1.0"
"712","2017","8","Orissa","Sambalpur","254.17","-1.0","270.0","-1.0"
"713","2016","8","Orissa","Sundargarh","180.0","-1.0","239.0","-1.0"
"713","2017","8","Orissa","Sundargarh","251.67","-1.0","270.0","-1.0"
"714","2016","8","Orissa","Bhadrak","304.55","-1.0","239.0","-1.0"
"714","2017","8","Orissa","Bhadrak","287.5","-1.0","270.0","-1.0"
"716","2016","8","Orissa","Jagatsinghapur","259.09","-1.0","239.0","-1.0"
"716","2017","8","Orissa","Jagatsinghapur","300.0","-1.0","270.0","-1.0"
"717","2016","8","Orissa","Jajapur","250.0","-1.0","239.0","-1.0"
"717","2017","8","Orissa","Jajapur","270.83","-1.0","270.0","-1.0"
"718","2016","8","Orissa","Kendrapara","-1.0","-1.0","239.0","-1.0"
"718","2017","8","Orissa","Kendrapara","-1.0","-1.0","270.0","-1.0"
"719","2016","8","Orissa","Angul","218.18","-1.0","239.0","-1.0"
"719","2017","8","Orissa","Angul","258.33","-1.0","270.0","-1.0"
"720","2016","8","Orissa","Gajapati","336.36","-1.0","239.0","-1.0"
"720","2017","8","Orissa","Gajapati","300.0","-1.0","270.0","-1.0"
"721","2016","8","Orissa","Nuapada","192.73","-1.0","239.0","-1.0"
"721","2017","8","Orissa","Nuapada","254.17","-1.0","270.0","-1.0"
"722","2016","8","Orissa","Malkangiri","215.45","-1.0","239.0","-1.0"
"722","2017","8","Orissa","Malkangiri","254.17","-1.0","270.0","-1.0"
"723","2016","8","Orissa","Nawarangpur","254.55","-1.0","239.0","-1.0"
"723","2017","8","Orissa","Nawarangpur","250.0","-1.0","270.0","-1.0"
"724","2016","8","Orissa","Rayagada","328.18","-1.0","239.0","-1.0"
"724","2017","8","Orissa","Rayagada","282.5","-1.0","270.0","-1.0"
"725","2016","8","Orissa","Khurda","300.0","-1.0","239.0","-1.0"
"725","2017","8","Orissa","Khurda","300.0","-1.0","270.0","-1.0"
"726","2016","8","Orissa","Nayagarh","245.45","-1.0","239.0","-1.0"
"726","2017","8","Orissa","Nayagarh","266.67","-1.0","270.0","-1.0"
"728","2016","8","Orissa","Boudh","236.36","-1.0","239.0","-1.0"
"728","2017","8","Orissa","Boudh","266.67","-1.0","270.0","-1.0"
"729","2016","8","Orissa","Bargarh","205.0","-1.0","239.0","-1.0"
"729","2017","8","Orissa","Bargarh","262.0","-1.0","270.0","-1.0"
"730","2016","8","Orissa","Deogarh","209.09","-1.0","239.0","-1.0"
"730","2017","8","Orissa","Deogarh","266.67","-1.0","270.0","-1.0"
"731","2016","8","Orissa","Jharsuguda","223.64","-1.0","239.0","-1.0"
"731","2017","8","Orissa","Jharsuguda","266.67","-1.0","270.0","-1.0"
"732","2016","8","Orissa","Sonepur","259.0","-1.0","239.0","-1.0"
"732","2017","8","Orissa","Sonepur","287.5","-1.0","270.0","-1.0"
"801","2016","13","West Bengal","24 - Paraganas South","288.67","-1.0","267.0","-1.0"
"801","2017","13","West Bengal","24 - Paraganas South","415.1","-1.0","274.0","-1.0"
"802","2016","13","West Bengal","24 - Paraganas North","349.56","-1.0","267.0","-1.0"
"802","2017","13","West Bengal","24 - Paraganas North","383.58","-1.0","274.0","-1.0"
"803","2016","13","West Bengal","Nadia","356.0","-1.0","267.0","-1.0"
"803","2017","13","West Bengal","Nadia","-1.0","-1.0","274.0","-1.0"
"804","2016","13","West Bengal","Murshidabad","334.4","-1.0","267.0","-1.0"
"804","2017","13","West Bengal","Murshidabad","-1.0","-1.0","274.0","-1.0"
"805","2016","13","West Bengal","Burdwan","350.0","-1.0","267.0","-1.0"
"805","2017","13","West Bengal","Burdwan","275.83","-1.0","274.0","-1.0"
"806","2016","13","West Bengal","Birbhum","300.0","-1.0","267.0","-1.0"
"806","2017","13","West Bengal","Birbhum","261.8","-1.0","274.0","-1.0"
"807","2016","13","West Bengal","Bankura","-1.0","-1.0","267.0","-1.0"
"807","2017","13","West Bengal","Bankura","250.0","-1.0","274.0","-1.0"
"810","2016","13","West Bengal","Hooghly","300.0","-1.0","267.0","-1.0"
"810","2017","13","West Bengal","Hooghly","263.8","-1.0","274.0","-1.0"
"811","2016","13","West Bengal","Howrah","298.71","-1.0","267.0","-1.0"
"811","2017","13","West Bengal","Howrah","254.6","-1.0","274.0","-1.0"
"812","2016","13","West Bengal","Jalpaiguri","-1.0","-1.0","267.0","-1.0"
"812","2017","13","West Bengal","Jalpaiguri","-1.0","-1.0","274.0","-1.0"
"813","2016","13","West Bengal","Darjeeling","431.83","-1.0","267.0","-1.0"
"813","2017","13","West Bengal","Darjeeling","278.0","-1.0","274.0","-1.0"
"814","2016","13","West Bengal","Malda","330.33","-1.0","267.0","-1.0"
"814","2017","13","West Bengal","Malda","-1.0","-1.0","274.0","-1.0"
"815","2016","13","West Bengal","Kalimpong","-1.0","-1.0","267.0","-1.0"
"815","2017","13","West Bengal","Kalimpong","593.89","-1.0","274.0","-1.0"
"816","2016","13","West Bengal","Cooch Behar","-1.0","-1.0","267.0","-1.0"
"816","2017","13","West Bengal","Cooch Behar","291.67","-1.0","274.0","-1.0"
"817","2016","13","West Bengal","Purulia","210.0","-1.0","267.0","-1.0"
"817","2017","13","West Bengal","Purulia","202.29","-1.0","274.0","-1.0"
"819","2016","13","West Bengal","Uttar Dinajpur","-1.0","-1.0","267.0","-1.0"
"819","2017","13","West Bengal","Uttar Dinajpur","368.75","-1.0","274.0","-1.0"
"820","2016","13","West Bengal","Dakshin Dinajpur","278.0","-1.0","267.0","-1.0"
"820","2017","13","West Bengal","Dakshin Dinajpur","250.0","-1.0","274.0","-1.0"
"821","2016","13","West Bengal","Kolkata","-1.0","-1.0","267.0","-1.0"
"821","2017","13","West Bengal","Kolkata","-1.0","-1.0","274.0","-1.0"
"823","2016","13","West Bengal","East Midnapore Purba Midnapore","329.0","-1.0","267.0","-1.0"
"823","2017","13","West Bengal","East Midnapore Purba Midnapore","319.18","-1.0","274.0","-1.0"
"824","2016","13","West Bengal","West Midnapore","296.2","-1.0","267.0","-1.0"
"824","2017","13","West Bengal","West Midnapore","337.09","-1.0","274.0","-1.0"
"902","2016","2","Bihar","Muzaffarpur","300.0","-1.0","235.0","-1.0"
"902","2017","2","Bihar","Muzaffarpur","-1.0","-1.0","246.0","-1.0"
"903","2016","2","Bihar","Darbhanga","-1.0","-1.0","235.0","-1.0"
"903","2017","2","Bihar","Darbhanga","-1.0","-1.0","246.0","-1.0"
"904","2016","2","Bihar","Saharsa","-1.0","-1.0","235.0","-1.0"
"904","2017","2","Bihar","Saharsa","300.0","-1.0","246.0","-1.0"
"905","2016","2","Bihar","Purnea","301.5","-1.0","235.0","-1.0"
"905","2017","2","Bihar","Purnea","315.0","315.0","246.0","315.0"
"906","2016","2","Bihar","Saran","250.0","-1.0","235.0","-1.0"
"906","2017","2","Bihar","Saran","244.44","-1.0","246.0","-1.0"
"907","2016","2","Bihar","Patna","-1.0","-1.0","235.0","-1.0"
"907","2017","2","Bihar","Patna","320.0","-1.0","246.0","-1.0"
"908","2016","2","Bihar","Mungair","-1.0","-1.0","235.0","-1.0"
"908","2017","2","Bihar","Mungair","-1.0","-1.0","246.0","-1.0"
"909","2016","2","Bihar","Bhagalpur","-1.0","-1.0","235.0","-1.0"
"909","2017","2","Bihar","Bhagalpur","300.0","-1.0","246.0","-1.0"
"910","2016","15","Jharkhand","Santhal Paragana Dumka","-1.0","-1.0","226.0","-1.0"
"910","2017","15","Jharkhand","Santhal Paragana Dumka","200.0","200.0","263.0","200.0"
"912","2016","2","Bihar","Gaya","163.75","-1.0","235.0","-1.0"
"912","2017","2","Bihar","Gaya","146.71","135.0","246.0","135.0"
"913","2016","15","Jharkhand","Hazaribagh","-1.0","-1.0","226.0","-1.0"
"913","2017","15","Jharkhand","Hazaribagh","-1.0","-1.0","263.0","-1.0"
"914","2016","15","Jharkhand","Dhanbad","-1.0","-1.0","226.0","-1.0"
"914","2017","15","Jharkhand","Dhanbad","-1.0","-1.0","263.0","-1.0"
"915","2016","15","Jharkhand","Palamau","-1.0","-1.0","226.0","-1.0"
"915","2017","15","Jharkhand","Palamau","200.0","175.0","263.0","175.0"
"916","2016","15","Jharkhand","Ranchi","208.68","208.68","226.0","208.68"
"916","2017","15","Jharkhand","Ranchi","232.57","232.57","263.0","232.57"
"918","2016","2","Bihar","Nalanda","90.0","-1.0","235.0","-1.0"
"918","2017","2","Bihar","Nalanda","-1.0","-1.0","246.0","-1.0"
"919","2016","2","Bihar","Nawada","360.0","-1.0","235.0","-1.0"
"919","2017","2","Bihar","Nawada","350.0","-1.0","246.0","-1.0"
"920","2016","2","Bihar","Aurangabad","-1.0","-1.0","235.0","-1.0"
"920","2017","2","Bihar","Aurangabad","-1.0","-1.0","246.0","-1.0"
"921","2016","2","Bihar","Bhojpur","230.0","-1.0","235.0","-1.0"
"921","2017","2","Bihar","Bhojpur","245.56","-1.0","246.0","-1.0"
"922","2016","2","Bihar","Rohtas","-1.0","-1.0","235.0","-1.0"
"922","2017","2","Bihar","Rohtas","300.0","-1.0","246.0","-1.0"
"923","2016","2","Bihar","Siwan","279.55","-1.0","235.0","-1.0"
"923","2017","2","Bihar","Siwan","320.0","283.33","246.0","283.33"
"924","2016","2","Bihar","Gopalganj","200.0","-1.0","235.0","-1.0"
"924","2017","2","Bihar","Gopalganj","200.0","-1.0","246.0","-1.0"
"925","2016","2","Bihar","Champaran(East)","265.0","-1.0","235.0","-1.0"
"925","2017","2","Bihar","Champaran(East)","-1.0","-1.0","246.0","-1.0"
"926","2016","2","Bihar","Champaran(West)","327.78","-1.0","235.0","-1.0"
"926","2017","2","Bihar","Champaran(West)","300.0","-1.0","246.0","-1.0"
"927","2016","2","Bihar","Vaishali","275.0","-1.0","235.0","-1.0"
"927","2017","2","Bihar","Vaishali","290.0","-1.0","246.0","-1.0"
"928","2016","2","Bihar","Sitamarhi","250.0","-1.0","235.0","-1.0"
"928","2017","2","Bihar","Sitamarhi","266.67","-1.0","246.0","-1.0"
"929","2016","2","Bihar","Madhubani","250.0","250.0","235.0","250.0"
"929","2017","2","Bihar","Madhubani","250.0","-1.0","246.0","-1.0"
"930","2016","2","Bihar","Samastipur","267.66","-1.0","235.0","-1.0"
"930","2017","2","Bihar","Samastipur","250.0","-1.0","246.0","-1.0"
"931","2016","2","Bihar","Begusarai","207.14","-1.0","235.0","-1.0"
"931","2017","2","Bihar","Begusarai","200.0","-1.0","246.0","-1.0"
"932","2016","2","Bihar","Katihar","-1.0","-1.0","235.0","-1.0"
"932","2017","2","Bihar","Katihar","216.67","100.0","246.0","100.0"
"933","2016","15","Jharkhand","Giridih","250.0","250.0","226.0","250.0"
"933","2017","15","Jharkhand","Giridih","350.0","350.0","263.0","350.0"
"934","2016","2","Bihar","Jehanabad","300.0","-1.0","235.0","-1.0"
"934","2017","2","Bihar","Jehanabad","306.25","300.0","246.0","300.0"
"935","2016","2","Bihar","Madhepura","-1.0","-1.0","235.0","-1.0"
"935","2017","2","Bihar","Madhepura","-1.0","-1.0","246.0","-1.0"
"936","2016","2","Bihar","Khagaria","350.0","-1.0","235.0","-1.0"
"936","2017","2","Bihar","Khagaria","-1.0","-1.0","246.0","-1.0"
"937","2016","15","Jharkhand","Godda","240.0","218.0","226.0","218.0"
"937","2017","15","Jharkhand","Godda","-1.0","-1.0","263.0","-1.0"
"938","2016","15","Jharkhand","Sahebganj","-1.0","-1.0","226.0","-1.0"
"938","2017","15","Jharkhand","Sahebganj","-1.0","-1.0","263.0","-1.0"
"940","2016","15","Jharkhand","Devghar Deogarh","-1.0","-1.0","226.0","-1.0"
"940","2017","15","Jharkhand","Devghar Deogarh","200.0","180.0","263.0","180.0"
"941","2016","15","Jharkhand","Lohardagga","250.0","190.0","226.0","190.0"
"941","2017","15","Jharkhand","Lohardagga","250.0","198.0","263.0","198.0"
"942","2016","15","Jharkhand","Gumla","-1.0","-1.0","226.0","-1.0"
"942","2017","15","Jharkhand","Gumla","175.0","175.0","263.0","175.0"
"943","2016","15","Jharkhand","Singhbhum East","196.0","196.0","226.0","196.0"
"943","2017","15","Jharkhand","Singhbhum East","-1.0","-1.0","263.0","-1.0"
"944","2016","15","Jharkhand","Singhbhum West","-1.0","-1.0","226.0","-1.0"
"944","2017","15","Jharkhand","Singhbhum West","100.0","80.0","263.0","80.0"
"945","2016","2","Bihar","Araria","190.0","-1.0","235.0","-1.0"
"945","2017","2","Bihar","Araria","-1.0","-1.0","246.0","-1.0"
"946","2016","2","Bihar","Kishanganj","-1.0","-1.0","235.0","-1.0"
"946","2017","2","Bihar","Kishanganj","225.0","-1.0","246.0","-1.0"
"947","2016","2","Bihar","Buxar","261.11","-1.0","235.0","-1.0"
"947","2017","2","Bihar","Buxar","-1.0","-1.0","246.0","-1.0"
"948","2016","2","Bihar","Bhabhua Kaimur","222.0","-1.0","235.0","-1.0"
"948","2017","2","Bihar","Bhabhua Kaimur","-1.0","-1.0","246.0","-1.0"
"949","2016","2","Bihar","Banka","-1.0","-1.0","235.0","-1.0"
"949","2017","2","Bihar","Banka","-1.0","-1.0","246.0","-1.0"
"950","2016","2","Bihar","Jamui","-1.0","-1.0","235.0","-1.0"
"950","2017","2","Bihar","Jamui","250.0","250.0","246.0","250.0"
"951","2016","2","Bihar","Supaul","-1.0","-1.0","235.0","-1.0"
"951","2017","2","Bihar","Supaul","-1.0","-1.0","246.0","-1.0"
"952","2016","15","Jharkhand","Chatra","-1.0","-1.0","226.0","-1.0"
"952","2017","15","Jharkhand","Chatra","200.0","200.0","263.0","200.0"
"953","2016","15","Jharkhand","Bokaro","-1.0","-1.0","226.0","-1.0"
"953","2017","15","Jharkhand","Bokaro","180.0","163.33","263.0","163.33"
"954","2016","15","Jharkhand","Gadva Garhwa","241.67","191.67","226.0","191.67"
"954","2017","15","Jharkhand","Gadva Garhwa","-1.0","-1.0","263.0","-1.0"
"955","2016","15","Jharkhand","Khodrama Koderma","-1.0","-1.0","226.0","-1.0"
"955","2017","15","Jharkhand","Khodrama Koderma","375.0","350.0","263.0","350.0"
"956","2016","2","Bihar","Lakhisarai","-1.0","-1.0","235.0","-1.0"
"956","2017","2","Bihar","Lakhisarai","300.0","300.0","246.0","300.0"
"957","2016","15","Jharkhand","Pakund Pakur","213.33","185.86","226.0","185.86"
"957","2017","15","Jharkhand","Pakund Pakur","-1.0","-1.0","263.0","-1.0"
"958","2016","2","Bihar","Sheikapura","-1.0","-1.0","235.0","-1.0"
"958","2017","2","Bihar","Sheikapura","333.33","-1.0","246.0","-1.0"
"960","2016","2","Bihar","Sheohar","225.0","-1.0","235.0","-1.0"
"960","2017","2","Bihar","Sheohar","-1.0","-1.0","246.0","-1.0"
"961","2016","2","Bihar","Arwal","-1.0","-1.0","235.0","-1.0"
"961","2017","2","Bihar","Arwal","-1.0","-1.0","246.0","-1.0"
"962","2016","15","Jharkhand","Jamtara","-1.0","-1.0","226.0","-1.0"
"962","2017","15","Jharkhand","Jamtara","-1.0","-1.0","263.0","-1.0"
"963","2016","15","Jharkhand","Latehar","-1.0","-1.0","226.0","-1.0"
"963","2017","15","Jharkhand","Latehar","250.0","250.0","263.0","250.0"
"964","2016","15","Jharkhand","Sariakela Kharsawan","165.0","165.0","226.0","165.0"
"964","2017","15","Jharkhand","Sariakela Kharsawan","165.0","165.0","263.0","165.0"
"965","2016","15","Jharkhand","Simdega","250.0","250.0","226.0","250.0"
"965","2017","15","Jharkhand","Simdega","-1.0","-1.0","263.0","-1.0"
"999","2016","11","Tamil Nadu","Chennai","-1.0","-1.0","327.0","-1.0"
"999","2017","11","Tamil Nadu","Chennai","-1.0","-1.0","346.0","-1.0"
"1001","2016","3","Gujarat","Anand","223.64","-1.0","211.0","-1.0"
"1001","2017","3","Gujarat","Anand","208.17","-1.0","219.0","-1.0"
"1002","2016","3","Gujarat","Dahod","290.5","-1.0","211.0","-1.0"
"1002","2017","3","Gujarat","Dahod","293.0","-1.0","219.0","-1.0"
"1003","2016","3","Gujarat","Narmada","-1.0","-1.0","211.0","-1.0"
"1003","2017","3","Gujarat","Narmada","-1.0","-1.0","219.0","-1.0"
"1004","2016","3","Gujarat","Navsari","150.0","150.0","211.0","150.0"
"1004","2017","3","Gujarat","Navsari","163.67","-1.0","219.0","-1.0"
"1005","2016","3","Gujarat","Patan","207.08","-1.0","211.0","-1.0"
"1005","2017","3","Gujarat","Patan","237.42","212.25","219.0","212.25"
"1006","2016","3","Gujarat","Porbandar","355.33","-1.0","211.0","-1.0"
"1006","2017","3","Gujarat","Porbandar","376.08","-1.0","219.0","-1.0"
"1007","2016","4","Haryana","Fatehabad","400.0","-1.0","390.0","-1.0"
"1007","2017","4","Haryana","Fatehabad","425.0","-1.0","416.0","-1.0"
"1008","2016","4","Haryana","Jhajjar","-1.0","-1.0","390.0","-1.0"
"1008","2017","4","Haryana","Jhajjar","-1.0","-1.0","416.0","-1.0"
"1009","2016","4","Haryana","Panchkula","-1.0","-1.0","390.0","-1.0"
"1009","2017","4","Haryana","Panchkula","-1.0","-1.0","416.0","-1.0"
"1010","2016","5","Karnataka","Bagalkote","-1.0","-1.0","326.0","-1.0"
"1010","2017","5","Karnataka","Bagalkote","-1.0","-1.0","354.0","-1.0"
"1011","2016","5","Karnataka","Chamaraja Nagar","-1.0","-1.0","326.0","-1.0"
"1011","2017","5","Karnataka","Chamaraja Nagar","-1.0","-1.0","354.0","-1.0"
"1012","2016","5","Karnataka","Davanagere","-1.0","-1.0","326.0","-1.0"
"1012","2017","5","Karnataka","Davanagere","-1.0","-1.0","354.0","-1.0"
"1013","2016","5","Karnataka","Gadag","-1.0","-1.0","326.0","-1.0"
"1013","2017","5","Karnataka","Gadag","-1.0","-1.0","354.0","-1.0"
"1014","2016","5","Karnataka","Haveri","-1.0","-1.0","326.0","-1.0"
"1014","2017","5","Karnataka","Haveri","-1.0","-1.0","354.0","-1.0"
"1015","2016","5","Karnataka","Koppal","-1.0","-1.0","326.0","-1.0"
"1015","2017","5","Karnataka","Koppal","-1.0","-1.0","354.0","-1.0"
"1016","2016","5","Karnataka","Udupi","-1.0","-1.0","326.0","-1.0"
"1016","2017","5","Karnataka","Udupi","-1.0","-1.0","354.0","-1.0"
"1017","2016","9","Punjab","S.B.S Nagar","-1.0","-1.0","395.0","-1.0"
"1017","2017","9","Punjab","S.B.S Nagar","365.0","-1.0","403.0","-1.0"
"1018","2016","9","Punjab","Shri Mukatsar Sahib","403.0","-1.0","395.0","-1.0"
"1018","2017","9","Punjab","Shri Mukatsar Sahib","420.0","-1.0","403.0","-1.0"
"1019","2016","9","Punjab","Moga","500.0","-1.0","395.0","-1.0"
"1019","2017","9","Punjab","Moga","509.17","-1.0","403.0","-1.0"
"1020","2016","10","Rajasthan","Karoli","300.0","-1.0","314.0","-1.0"
"1020","2017","10","Rajasthan","Karoli","-1.0","-1.0","336.0","-1.0"
"1022","2016","11","Tamil Nadu","Karur","-1.0","-1.0","327.0","-1.0"
"1022","2017","11","Tamil Nadu","Karur","-1.0","-1.0","346.0","-1.0"
"1023","2016","11","Tamil Nadu","Namakkal","-1.0","-1.0","327.0","-1.0"
"1023","2017","11","Tamil Nadu","Namakkal","-1.0","-1.0","346.0","-1.0"
"1024","2016","11","Tamil Nadu","Perambular","-1.0","-1.0","327.0","-1.0"
"1024","2017","11","Tamil Nadu","Perambular","300.0","175.0","346.0","175.0"
"1025","2016","11","Tamil Nadu","Theni","-1.0","-1.0","327.0","-1.0"
"1025","2017","11","Tamil Nadu","Theni","-1.0","-1.0","346.0","-1.0"
"1026","2016","11","Tamil Nadu","Tiruvarur","-1.0","-1.0","327.0","-1.0"
"1026","2017","11","Tamil Nadu","Tiruvarur","-1.0","-1.0","346.0","-1.0"
"1027","2016","11","Tamil Nadu","Thiruvallur","-1.0","-1.0","327.0","-1.0"
"1027","2017","11","Tamil Nadu","Thiruvallur","250.0","-1.0","346.0","-1.0"
"1028","2016","12","Uttar Pradesh","Ambedkar Nagar","184.38","-1.0","233.0","-1.0"
"1028","2017","12","Uttar Pradesh","Ambedkar Nagar","200.0","-1.0","241.0","-1.0"
"1029","2016","12","Uttar Pradesh","Kushi Nagar Padrauna","319.63","-1.0","233.0","-1.0"
"1029","2017","12","Uttar Pradesh","Kushi Nagar Padrauna","334.8","-1.0","241.0","-1.0"
"1030","2016","16","Uttarakhand","Udham Singh Nagar","250.0","0.0","402.0","0.0"
"1030","2017","16","Uttarakhand","Udham Singh Nagar","-1.0","-1.0","350.0","-1.0"
"1031","2016","12","Uttar Pradesh","Auraiya","-1.0","-1.0","233.0","-1.0"
"1031","2017","12","Uttar Pradesh","Auraiya","-1.0","-1.0","241.0","-1.0"
"1032","2016","16","Uttarakhand","Bageshwar","412.5","0.0","402.0","0.0"
"1032","2017","16","Uttarakhand","Bageshwar","450.0","-1.0","350.0","-1.0"
"1033","2016","12","Uttar Pradesh","Bagpat","-1.0","-1.0","233.0","-1.0"
"1033","2017","12","Uttar Pradesh","Bagpat","-1.0","-1.0","241.0","-1.0"
"1034","2016","12","Uttar Pradesh","Balrampur","181.0","-1.0","233.0","-1.0"
"1034","2017","12","Uttar Pradesh","Balrampur","186.17","-1.0","241.0","-1.0"
"1035","2016","16","Uttarakhand","Champavat","-1.0","-1.0","402.0","-1.0"
"1035","2017","16","Uttarakhand","Champavat","-1.0","-1.0","350.0","-1.0"
"1036","2016","12","Uttar Pradesh","Chandauli","-1.0","-1.0","233.0","-1.0"
"1036","2017","12","Uttar Pradesh","Chandauli","200.0","-1.0","241.0","-1.0"
"1037","2016","12","Uttar Pradesh","Chitrakoot","-1.0","-1.0","233.0","-1.0"
"1037","2017","12","Uttar Pradesh","Chitrakoot","200.0","-1.0","241.0","-1.0"
"1038","2016","12","Uttar Pradesh","G.B.Nagar","400.0","-1.0","233.0","-1.0"
"1038","2017","12","Uttar Pradesh","G.B.Nagar","400.0","-1.0","241.0","-1.0"
"1039","2016","12","Uttar Pradesh","Hathras","-1.0","-1.0","233.0","-1.0"
"1039","2017","12","Uttar Pradesh","Hathras","-1.0","-1.0","241.0","-1.0"
"1040","2016","12","Uttar Pradesh","Amroha J.B.Fulenagar","252.0","-1.0","233.0","-1.0"
"1040","2017","12","Uttar Pradesh","Amroha J.B.Fulenagar","250.0","-1.0","241.0","-1.0"
"1041","2016","12","Uttar Pradesh","Kannauj","483.33","-1.0","233.0","-1.0"
"1041","2017","12","Uttar Pradesh","Kannauj","500.0","-1.0","241.0","-1.0"
"1042","2016","12","Uttar Pradesh","Kushambi","243.64","-1.0","233.0","-1.0"
"1042","2017","12","Uttar Pradesh","Kushambi","235.71","-1.0","241.0","-1.0"
"1043","2016","16","Uttarakhand","Rudraprayag","527.27","0.0","402.0","0.0"
"1043","2017","16","Uttarakhand","Rudraprayag","600.0","-1.0","350.0","-1.0"
"1044","2016","12","Uttar Pradesh","Santh Ravi Das Nagar Bhadoi","165.0","-1.0","233.0","-1.0"
"1044","2017","12","Uttar Pradesh","Santh Ravi Das Nagar Bhadoi","175.5","-1.0","241.0","-1.0"
"1045","2016","12","Uttar Pradesh","Santh Kabir Nagar","200.0","-1.0","233.0","-1.0"
"1045","2017","12","Uttar Pradesh","Santh Kabir Nagar","200.0","-1.0","241.0","-1.0"
"1046","2016","12","Uttar Pradesh","Shravasti","-1.0","-1.0","233.0","-1.0"
"1046","2017","12","Uttar Pradesh","Shravasti","-1.0","-1.0","241.0","-1.0"
"1047","2016","17","Assam","Bongaigaon","-1.0","-1.0","275.0","-1.0"
"1047","2017","17","Assam","Bongaigaon","-1.0","-1.0","278.0","-1.0"
"1048","2016","17","Assam","Dhemaji","-1.0","-1.0","275.0","-1.0"
"1048","2017","17","Assam","Dhemaji","-1.0","-1.0","278.0","-1.0"
"1049","2016","17","Assam","Hailakandi","300.0","-1.0","275.0","-1.0"
"1049","2017","17","Assam","Hailakandi","300.0","-1.0","278.0","-1.0"
"1050","2016","17","Assam","Marigaon","-1.0","-1.0","275.0","-1.0"
"1050","2017","17","Assam","Marigaon","-1.0","-1.0","278.0","-1.0"
"1051","2016","17","Assam","Tinsukia","-1.0","-1.0","275.0","-1.0"
"1051","2017","17","Assam","Tinsukia","-1.0","-1.0","278.0","-1.0"
"1055","2016","14","Chhattisgarh","Dantewara","200.0","-1.0","201.0","-1.0"
"1055","2017","14","Chhattisgarh","Dantewara","200.0","-1.0","200.0","-1.0"
"1056","2016","14","Chhattisgarh","Dhamtari","202.5","-1.0","201.0","-1.0"
"1056","2017","14","Chhattisgarh","Dhamtari","190.0","-1.0","200.0","-1.0"
"1057","2016","6","Madhya Pradesh","Dindori","150.0","-1.0","230.0","-1.0"
"1057","2017","6","Madhya Pradesh","Dindori","185.0","-1.0","246.0","-1.0"
"1058","2016","6","Madhya Pradesh","Harda","-1.0","-1.0","230.0","-1.0"
"1058","2017","6","Madhya Pradesh","Harda","-1.0","-1.0","246.0","-1.0"
"1059","2016","14","Chhattisgarh","Janjgir","400.0","-1.0","201.0","-1.0"
"1059","2017","14","Chhattisgarh","Janjgir","-1.0","-1.0","200.0","-1.0"
"1060","2016","6","Madhya Pradesh","Barwani","200.0","-1.0","230.0","-1.0"
"1060","2017","6","Madhya Pradesh","Barwani","204.55","-1.0","246.0","-1.0"
"1061","2016","6","Madhya Pradesh","Katni","200.0","-1.0","230.0","-1.0"
"1061","2017","6","Madhya Pradesh","Katni","225.0","-1.0","246.0","-1.0"
"1062","2016","6","Madhya Pradesh","Neemuch","200.0","-1.0","230.0","-1.0"
"1062","2017","6","Madhya Pradesh","Neemuch","300.0","-1.0","246.0","-1.0"
"1063","2016","6","Madhya Pradesh","Sheopur Kalan","-1.0","-1.0","230.0","-1.0"
"1063","2017","6","Madhya Pradesh","Sheopur Kalan","-1.0","-1.0","246.0","-1.0"
"1064","2016","6","Madhya Pradesh","Umaria","200.0","-1.0","230.0","-1.0"
"1064","2017","6","Madhya Pradesh","Umaria","-1.0","-1.0","246.0","-1.0"
"1065","2016","14","Chhattisgarh","Koriya","210.0","-1.0","201.0","-1.0"
"1065","2017","14","Chhattisgarh","Koriya","202.27","-1.0","200.0","-1.0"
"1066","2016","14","Chhattisgarh","Jashpur","362.5","-1.0","201.0","-1.0"
"1066","2017","14","Chhattisgarh","Jashpur","275.0","-1.0","200.0","-1.0"
"1067","2016","14","Chhattisgarh","Korba","300.0","-1.0","201.0","-1.0"
"1067","2017","14","Chhattisgarh","Korba","325.0","-1.0","200.0","-1.0"
"1068","2016","14","Chhattisgarh","Kawardha","200.0","-1.0","201.0","-1.0"
"1068","2017","14","Chhattisgarh","Kawardha","210.0","-1.0","200.0","-1.0"
"1069","2016","14","Chhattisgarh","Mahasmund","200.0","-1.0","201.0","-1.0"
"1069","2017","14","Chhattisgarh","Mahasmund","225.0","-1.0","200.0","-1.0"
"1070","2016","14","Chhattisgarh","Kanker","200.0","-1.0","201.0","-1.0"
"1070","2017","14","Chhattisgarh","Kanker","200.0","-1.0","200.0","-1.0"
"1071","2016","6","Madhya Pradesh","Anuppur","156.0","-1.0","230.0","-1.0"
"1071","2017","6","Madhya Pradesh","Anuppur","181.82","-1.0","246.0","-1.0"
"1072","2016","7","Maharashtra","Gondia","-1.0","-1.0","132.0","-1.0"
"1072","2017","7","Maharashtra","Gondia","-1.0","-1.0","261.0","-1.0"
"1073","2016","7","Maharashtra","Hingoli","-1.0","-1.0","132.0","-1.0"
"1073","2017","7","Maharashtra","Hingoli","-1.0","-1.0","261.0","-1.0"
"1074","2016","7","Maharashtra","Nandurbar","-1.0","-1.0","132.0","-1.0"
"1074","2017","7","Maharashtra","Nandurbar","-1.0","-1.0","261.0","-1.0"
"1075","2016","7","Maharashtra","Washim","-1.0","-1.0","132.0","-1.0"
"1075","2017","7","Maharashtra","Washim","-1.0","-1.0","261.0","-1.0"
"1076","2016","7","Maharashtra","Mumbai sub","-1.0","-1.0","132.0","-1.0"
"1076","2017","7","Maharashtra","Mumbai sub","-1.0","-1.0","261.0","-1.0"
"1077","2016","11","Tamil Nadu","Ariyalur","-1.0","-1.0","327.0","-1.0"
"1077","2017","11","Tamil Nadu","Ariyalur","-1.0","-1.0","346.0","-1.0"
"1080","2016","11","Tamil Nadu","Krishnagiri","721.0","-1.0","327.0","-1.0"
"1080","2017","11","Tamil Nadu","Krishnagiri","349.75","-1.0","346.0","-1.0"
"1081","2016","6","Madhya Pradesh","Ashoknagar","-1.0","-1.0","230.0","-1.0"
"1081","2017","6","Madhya Pradesh","Ashoknagar","320.0","-1.0","246.0","-1.0"
"1082","2016","6","Madhya Pradesh","Burhanpur","300.0","-1.0","230.0","-1.0"
"1082","2017","6","Madhya Pradesh","Burhanpur","264.29","-1.0","246.0","-1.0"
"2001","2016","3","Gujarat","Tapi","-1.0","-1.0","211.0","-1.0"
"2001","2017","3","Gujarat","Tapi","-1.0","-1.0","219.0","-1.0"
"2002","2016","4","Haryana","Mewat","-1.0","-1.0","390.0","-1.0"
"2002","2017","4","Haryana","Mewat","350.0","-1.0","416.0","-1.0"
"2003","2016","4","Haryana","Palwal","-1.0","-1.0","390.0","-1.0"
"2003","2017","4","Haryana","Palwal","550.0","-1.0","416.0","-1.0"
"2004","2016","5","Karnataka","Ramanagaram","-1.0","-1.0","326.0","-1.0"
"2004","2017","5","Karnataka","Ramanagaram","-1.0","-1.0","354.0","-1.0"
"2005","2016","5","Karnataka","Chikkaballapur","-1.0","-1.0","326.0","-1.0"
"2005","2017","5","Karnataka","Chikkaballapur","-1.0","-1.0","354.0","-1.0"
"2006","2016","6","Madhya Pradesh","Alirajpur","-1.0","-1.0","230.0","-1.0"
"2006","2017","6","Madhya Pradesh","Alirajpur","-1.0","-1.0","246.0","-1.0"
"2007","2016","6","Madhya Pradesh","Singrauli","-1.0","-1.0","230.0","-1.0"
"2007","2017","6","Madhya Pradesh","Singrauli","-1.0","-1.0","246.0","-1.0"
"2009","2016","9","Punjab","Taran Taran","-1.0","-1.0","395.0","-1.0"
"2009","2017","9","Punjab","Taran Taran","350.83","-1.0","403.0","-1.0"
"2010","2016","9","Punjab","Barnala","-1.0","-1.0","395.0","-1.0"
"2010","2017","9","Punjab","Barnala","405.0","-1.0","403.0","-1.0"
"2011","2016","9","Punjab","S.A.S Nagar","-1.0","-1.0","395.0","-1.0"
"2011","2017","9","Punjab","S.A.S Nagar","450.0","-1.0","403.0","-1.0"
"2012","2016","10","Rajasthan","Pratapgarh","-1.0","-1.0","314.0","-1.0"
"2012","2017","10","Rajasthan","Pratapgarh","-1.0","-1.0","336.0","-1.0"
"2013","2016","12","Uttar Pradesh","Kasganj Khansi Ram Nagar","-1.0","-1.0","233.0","-1.0"
"2013","2017","12","Uttar Pradesh","Kasganj Khansi Ram Nagar","-1.0","-1.0","241.0","-1.0"
"2014","2016","14","Chhattisgarh","Bijapur","500.0","-1.0","201.0","-1.0"
"2014","2017","14","Chhattisgarh","Bijapur","500.0","-1.0","200.0","-1.0"
"2015","2016","14","Chhattisgarh","Narayanpur","220.0","-1.0","201.0","-1.0"
"2015","2017","14","Chhattisgarh","Narayanpur","280.0","-1.0","200.0","-1.0"
"2017","2016","17","Assam","Udalguri","-1.0","-1.0","275.0","-1.0"
"2017","2017","17","Assam","Udalguri","-1.0","-1.0","278.0","-1.0"
"2018","2016","17","Assam","Baksa","-1.0","-1.0","275.0","-1.0"
"2018","2017","17","Assam","Baksa","-1.0","-1.0","278.0","-1.0"
"2019","2016","17","Assam","Chirang","-1.0","-1.0","275.0","-1.0"
"2019","2017","17","Assam","Chirang","-1.0","-1.0","278.0","-1.0"
"2020","2016","11","Tamil Nadu","Thiruppur","-1.0","-1.0","327.0","-1.0"
"2020","2017","11","Tamil Nadu","Thiruppur","-1.0","-1.0","346.0","-1.0"
"2023","2016","15","Jharkhand","Khunti","-1.0","-1.0","226.0","-1.0"
"2023","2017","15","Jharkhand","Khunti","350.0","250.0","263.0","250.0"
"2024","2016","15","Jharkhand","Ramgadh","-1.0","-1.0","226.0","-1.0"
"2024","2017","15","Jharkhand","Ramgadh","-1.0","-1.0","263.0","-1.0"
"2025","2016","5","Karnataka","Yadagiri","-1.0","-1.0","326.0","-1.0"
"2025","2017","5","Karnataka","Yadagiri","-1.0","-1.0","354.0","-1.0"
"2026","2016","12","Uttar Pradesh","Amethi C.S.M.Nagar","-1.0","-1.0","233.0","-1.0"
"2026","2017","12","Uttar Pradesh","Amethi C.S.M.Nagar","200.0","-1.0","241.0","-1.0"
"2027","2016","7","Maharashtra","Mumbai City","-1.0","-1.0","132.0","-1.0"
"2027","2017","7","Maharashtra","Mumbai City","-1.0","-1.0","261.0","-1.0"
"2028","2016","17","Assam","Kamrup(Metro)","-1.0","-1.0","275.0","-1.0"
"2028","2017","17","Assam","Kamrup(Metro)","-1.0","-1.0","278.0","-1.0"
"2030","2016","9","Punjab","Pathankot","-1.0","-1.0","395.0","-1.0"
"2030","2017","9","Punjab","Pathankot","370.0","-1.0","403.0","-1.0"
"2031","2016","12","Uttar Pradesh","Sambhal","-1.0","-1.0","233.0","-1.0"
"2031","2017","12","Uttar Pradesh","Sambhal","-1.0","-1.0","241.0","-1.0"
"2032","2016","12","Uttar Pradesh","Shamli","-1.0","-1.0","233.0","-1.0"
"2032","2017","12","Uttar Pradesh","Shamli","-1.0","-1.0","241.0","-1.0"
"2033","2016","12","Uttar Pradesh","Hapur","-1.0","-1.0","233.0","-1.0"
"2033","2017","12","Uttar Pradesh","Hapur","-1.0","-1.0","241.0","-1.0"
"2034","2016","14","Chhattisgarh","Balod","500.0","-1.0","201.0","-1.0"
"2034","2017","14","Chhattisgarh","Balod","500.0","-1.0","200.0","-1.0"
"2035","2016","14","Chhattisgarh","Baloda Bazar","200.0","-1.0","201.0","-1.0"
"2035","2017","14","Chhattisgarh","Baloda Bazar","183.33","-1.0","200.0","-1.0"
"2036","2016","14","Chhattisgarh","Balrampur","200.0","-1.0","201.0","-1.0"
"2036","2017","14","Chhattisgarh","Balrampur","200.0","-1.0","200.0","-1.0"
"2037","2016","14","Chhattisgarh","Bemetra","470.0","-1.0","201.0","-1.0"
"2037","2017","14","Chhattisgarh","Bemetra","492.86","-1.0","200.0","-1.0"
"2038","2016","14","Chhattisgarh","Gariaband","210.0","-1.0","201.0","-1.0"
"2038","2017","14","Chhattisgarh","Gariaband","200.0","-1.0","200.0","-1.0"
"2039","2016","14","Chhattisgarh","Kondagaon","166.67","-1.0","201.0","-1.0"
"2039","2017","14","Chhattisgarh","Kondagaon","-1.0","-1.0","200.0","-1.0"
"2040","2016","14","Chhattisgarh","Mungli","-1.0","-1.0","201.0","-1.0"
"2040","2017","14","Chhattisgarh","Mungli","-1.0","-1.0","200.0","-1.0"
"2041","2016","14","Chhattisgarh","Sukma","255.0","-1.0","201.0","-1.0"
"2041","2017","14","Chhattisgarh","Sukma","170.0","120.0","200.0","120.0"
"2042","2016","14","Chhattisgarh","Surajpur","-1.0","-1.0","201.0","-1.0"
"2042","2017","14","Chhattisgarh","Surajpur","-1.0","-1.0","200.0","-1.0"
"2043","2016","9","Punjab","Fazilka","-1.0","-1.0","395.0","-1.0"
"2043","2017","9","Punjab","Fazilka","450.0","-1.0","403.0","-1.0"
"2044","2016","17","Assam","Biswanath","-1.0","-1.0","275.0","-1.0"
"2044","2017","17","Assam","Biswanath","-1.0","-1.0","278.0","-1.0"
"2045","2016","17","Assam","Charaideo","250.0","-1.0","275.0","-1.0"
"2045","2017","17","Assam","Charaideo","250.0","-1.0","278.0","-1.0"
"2046","2016","17","Assam","Hojai","-1.0","-1.0","275.0","-1.0"
"2046","2017","17","Assam","Hojai","-1.0","-1.0","278.0","-1.0"
"2047","2016","17","Assam","Majuli","-1.0","-1.0","275.0","-1.0"
"2047","2017","17","Assam","Majuli","-1.0","-1.0","278.0","-1.0"
"2048","2016","17","Assam","South Salmara - Mankachar","-1.0","-1.0","275.0","-1.0"
"2048","2017","17","Assam","South Salmara - Mankachar","-1.0","-1.0","278.0","-1.0"
"2049","2016","17","Assam","West Karbi Anglong","-1.0","-1.0","275.0","-1.0"
"2049","2017","17","Assam","West Karbi Anglong","-1.0","-1.0","278.0","-1.0"
"2050","2016","3","Gujarat","Aravalli","-1.0","-1.0","211.0","-1.0"
"2050","2017","3","Gujarat","Aravalli","-1.0","-1.0","219.0","-1.0"
"2051","2016","3","Gujarat","Botad","-1.0","-1.0","211.0","-1.0"
"2051","2017","3","Gujarat","Botad","-1.0","-1.0","219.0","-1.0"
"2052","2016","3","Gujarat","Chhota Udaipur","-1.0","-1.0","211.0","-1.0"
"2052","2017","3","Gujarat","Chhota Udaipur","-1.0","-1.0","219.0","-1.0"
"2053","2016","3","Gujarat","Devbhoomi Dwarka","-1.0","-1.0","211.0","-1.0"
"2053","2017","3","Gujarat","Devbhoomi Dwarka","-1.0","-1.0","219.0","-1.0"
"2054","2016","3","Gujarat","Gir Somnath","-1.0","-1.0","211.0","-1.0"
"2054","2017","3","Gujarat","Gir Somnath","-1.0","-1.0","219.0","-1.0"
"2055","2016","3","Gujarat","Mahi Sagar","-1.0","-1.0","211.0","-1.0"
"2055","2017","3","Gujarat","Mahi Sagar","-1.0","-1.0","219.0","-1.0"
"2056","2016","3","Gujarat","Morbi","-1.0","-1.0","211.0","-1.0"
"2056","2017","3","Gujarat","Morbi","-1.0","-1.0","219.0","-1.0"
"2057","2016","4","Haryana","Charkhi Dadri","-1.0","-1.0","390.0","-1.0"
"2057","2017","4","Haryana","Charkhi Dadri","-1.0","-1.0","416.0","-1.0"
"2058","2016","6","Madhya Pradesh","Agar Malwa","-1.0","-1.0","230.0","-1.0"
"2058","2017","6","Madhya Pradesh","Agar Malwa","-1.0","-1.0","246.0","-1.0"
"2059","2016","7","Maharashtra","Palghar","-1.0","-1.0","132.0","-1.0"
"2059","2017","7","Maharashtra","Palghar","-1.0","-1.0","261.0","-1.0"
"2060","2016","13","West Bengal","Alipurduar","-1.0","-1.0","267.0","-1.0"
"2060","2017","13","West Bengal","Alipurduar","-1.0","-1.0","274.0","-1.0"
"2061","2016","13","West Bengal","Jhargram","-1.0","-1.0","267.0","-1.0"
"2061","2017","13","West Bengal","Jhargram","236.67","-1.0","274.0","-1.0"
"2063","2016","13","West Bengal","Paschim Bardhaman","-1.0","-1.0","267.0","-1.0"
"2063","2017","13","West Bengal","Paschim Bardhaman","316.67","-1.0","274.0","-1.0"
"2101","2016","20","Telangana","Kumurambheem Asifabad","-1.0","-1.0","290.0","-1.0"
"2101","2017","20","Telangana","Kumurambheem Asifabad","-1.0","-1.0","333.0","-1.0"
"2102","2016","20","Telangana","Macherial","-1.0","-1.0","290.0","-1.0"
"2102","2017","20","Telangana","Macherial","-1.0","-1.0","333.0","-1.0"
"2103","2016","20","Telangana","Nirmal","-1.0","-1.0","290.0","-1.0"
"2103","2017","20","Telangana","Nirmal","-1.0","-1.0","333.0","-1.0"
"2104","2016","20","Telangana","Jagityal","-1.0","-1.0","290.0","-1.0"
"2104","2017","20","Telangana","Jagityal","-1.0","-1.0","333.0","-1.0"
"2105","2016","20","Telangana","Peddapally","-1.0","-1.0","290.0","-1.0"
"2105","2017","20","Telangana","Peddapally","-1.0","-1.0","333.0","-1.0"
"2106","2016","20","Telangana","Rajanna Siricilla","-1.0","-1.0","290.0","-1.0"
"2106","2017","20","Telangana","Rajanna Siricilla","-1.0","-1.0","333.0","-1.0"
"2107","2016","20","Telangana","Bhadradri","-1.0","-1.0","290.0","-1.0"
"2107","2017","20","Telangana","Bhadradri","-1.0","-1.0","333.0","-1.0"
"2108","2016","20","Telangana","Jogulamba","-1.0","-1.0","290.0","-1.0"
"2108","2017","20","Telangana","Jogulamba","-1.0","-1.0","333.0","-1.0"
"2109","2016","20","Telangana","Nagarkurnool","-1.0","-1.0","290.0","-1.0"
"2109","2017","20","Telangana","Nagarkurnool","-1.0","-1.0","333.0","-1.0"
"2110","2016","20","Telangana","Wanaparthy","-1.0","-1.0","290.0","-1.0"
"2110","2017","20","Telangana","Wanaparthy","-1.0","-1.0","333.0","-1.0"
"2111","2016","20","Telangana","Sangareddy","-1.0","-1.0","290.0","-1.0"
"2111","2017","20","Telangana","Sangareddy","-1.0","-1.0","333.0","-1.0"
"2112","2016","20","Telangana","Siddipet","-1.0","-1.0","290.0","-1.0"
"2112","2017","20","Telangana","Siddipet","-1.0","-1.0","333.0","-1.0"
"2113","2016","20","Telangana","Suryapet","-1.0","-1.0","290.0","-1.0"
"2113","2017","20","Telangana","Suryapet","-1.0","-1.0","333.0","-1.0"
"2114","2016","20","Telangana","Yadadri Bhuvanagiri","-1.0","-1.0","290.0","-1.0"
"2114","2017","20","Telangana","Yadadri Bhuvanagiri","-1.0","-1.0","333.0","-1.0"
"2115","2016","20","Telangana","Kamareddy","-1.0","-1.0","290.0","-1.0"
"2115","2017","20","Telangana","Kamareddy","-1.0","-1.0","333.0","-1.0"
"2116","2016","20","Telangana","Malkaigiri","-1.0","-1.0","290.0","-1.0"
"2116","2017","20","Telangana","Malkaigiri","-1.0","-1.0","333.0","-1.0"
"2117","2016","20","Telangana","Vikarabad","-1.0","-1.0","290.0","-1.0"
"2117","2017","20","Telangana","Vikarabad","-1.0","-1.0","333.0","-1.0"
"2118","2016","20","Telangana","Jayashankar Bhuppaly","-1.0","-1.0","290.0","-1.0"
"2118","2017","20","Telangana","Jayashankar Bhuppaly","-1.0","-1.0","333.0","-1.0"
"2119","2016","20","Telangana","Janagaon","-1.0","-1.0","290.0","-1.0"
"2119","2017","20","Telangana","Janagaon","-1.0","-1.0","333.0","-1.0"
"2120","2016","20","Telangana","Warangal Urban","-1.0","-1.0","290.0","-1.0"
"2120","2017","20","Telangana","Warangal Urban","-1.0","-1.0","333.0","-1.0"
"2121","2016","20","Telangana","Mahabubabad","-1.0","-1.0","290.0","-1.0"
"2121","2017","20","Telangana","Mahabubabad","-1.0","-1.0","333.0","-1.0"
"2122","2016","20","Telangana","Narayanpet","-1.0","-1.0","290.0","-1.0"
"2122","2017","20","Telangana","Narayanpet","-1.0","-1.0","333.0","-1.0"
"2123","2016","20","Telangana","Mulugu","-1.0","-1.0","290.0","-1.0"
"2123","2017","20","Telangana","Mulugu","-1.0","-1.0","333.0","-1.0"
"2124","2016","11","Tamil Nadu","Tenkasi","-1.0","-1.0","327.0","-1.0"
"2124","2017","11","Tamil Nadu","Tenkasi","-1.0","-1.0","346.0","-1.0"
"2125","2016","11","Tamil Nadu","Kallakurichi","-1.0","-1.0","327.0","-1.0"
"2125","2017","11","Tamil Nadu","Kallakurichi","-1.0","-1.0","346.0","-1.0"
"2126","2016","11","Tamil Nadu","Tirupattur","-1.0","-1.0","327.0","-1.0"
"2126","2017","11","Tamil Nadu","Tirupattur","-1.0","-1.0","346.0","-1.0"
"2127","2016","11","Tamil Nadu","Ranipet","-1.0","-1.0","327.0","-1.0"
"2127","2017","11","Tamil Nadu","Ranipet","-1.0","-1.0","346.0","-1.0"
"2128","2016","11","Tamil Nadu","Chengalpattu","-1.0","-1.0","327.0","-1.0"
"2128","2017","11","Tamil Nadu","Chengalpattu","-1.0","-1.0","346.0","-1.0"
"2129","2016","11","Tamil Nadu","Mayiladuthurai","-1.0","-1.0","327.0","-1.0"
"2129","2017","11","Tamil Nadu","Mayiladuthurai","-1.0","-1.0","346.0","-1.0"
"2130","2016","14","Chhattisgarh","Gaurela-Pendra-Marwahi?","-1.0","-1.0","201.0","-1.0"
"2130","2017","14","Chhattisgarh","Gaurela-Pendra-Marwahi?","-1.0","-1.0","200.0","-1.0"
"2131","2016","6","Madhya Pradesh","Niwari","-1.0","-1.0","230.0","-1.0"
"2131","2017","6","Madhya Pradesh","Niwari","-1.0","-1.0","246.0","-1.0"